"ID.x";"study";"site";"SiteBlock";"replicate";"treatment.direction";"treatment.level";"treat.duration.m";"treat.duration.y";"plot.size.m";"delta.P.year";"delta.P1_rescale";"MAP_bioclim";"MAP_rescale";"MAT_bioclim";"MAT_rescale";"LRR_cum.abs"
"Baez_2013a.csv";"Baez_2013";"C";"C - A";1;"decr.P";1;"1095";3;1;-40;-0.579593805910314;226;-0.368627286826339;13;0.468618225082112;-0.0271443490552379
"Baez_2013a.csv";"Baez_2013";"C";"C - A";2;"decr.P";1;"1095";3;1;-40;-0.579593805910314;226;-0.368627286826339;13;0.468618225082112;-0.798701047689917
"Baez_2013a.csv";"Baez_2013";"C";"C - A";3;"decr.P";1;"1095";3;1;-40;-0.579593805910314;226;-0.368627286826339;13;0.468618225082112;0.0806597535859028
"Baez_2013b.csv";"Baez_2013";"C";"C - A";1;"incr.P";1;"1095";3;1;55.6;0.773681653855293;226;-0.368627286826339;13;0.468618225082112;-0.141524653058917
"Baez_2013b.csv";"Baez_2013";"C";"C - A";2;"incr.P";1;"1095";3;1;55.6;0.773681653855293;226;-0.368627286826339;13;0.468618225082112;0.793011636171351
"Baez_2013b.csv";"Baez_2013";"C";"C - A";3;"incr.P";1;"1095";3;1;55.6;0.773681653855293;226;-0.368627286826339;13;0.468618225082112;0.345884741936842
"Baez_2013c.csv";"Baez_2013";"G";"G - A";1;"decr.P";1;"1095";3;1;-40;-0.579593805910314;226;-0.368627286826339;13;0.468618225082112;0.31696926472357
"Baez_2013c.csv";"Baez_2013";"G";"G - A";2;"decr.P";1;"1095";3;1;-40;-0.579593805910314;226;-0.368627286826339;13;0.468618225082112;-0.528405361450064
"Baez_2013c.csv";"Baez_2013";"G";"G - A";3;"decr.P";1;"1095";3;1;-40;-0.579593805910314;226;-0.368627286826339;13;0.468618225082112;-0.419825014237913
"Baez_2013d.csv";"Baez_2013";"G";"G - A";1;"incr.P";1;"1095";3;1;55.6;0.773681653855293;226;-0.368627286826339;13;0.468618225082112;0.62284225990161
"Baez_2013d.csv";"Baez_2013";"G";"G - A";2;"incr.P";1;"1095";3;1;55.6;0.773681653855293;226;-0.368627286826339;13;0.468618225082112;-0.000706713810332271
"Baez_2013d.csv";"Baez_2013";"G";"G - A";3;"incr.P";1;"1095";3;1;55.6;0.773681653855293;226;-0.368627286826339;13;0.468618225082112;-0.189642720942228
"Baez_2013e.csv";"Baez_2013";"M";"M - A";1;"decr.P";1;"1095";3;1;-40;-0.579593805910314;226;-0.368627286826339;13;0.468618225082112;-0.25796603698738
"Baez_2013e.csv";"Baez_2013";"M";"M - A";2;"decr.P";1;"1095";3;1;-40;-0.579593805910314;226;-0.368627286826339;13;0.468618225082112;-0.57012933695246
"Baez_2013e.csv";"Baez_2013";"M";"M - A";3;"decr.P";1;"1095";3;1;-40;-0.579593805910314;226;-0.368627286826339;13;0.468618225082112;0.285842145529774
"Baez_2013f.csv";"Baez_2013";"M";"M - A";1;"incr.P";1;"1095";3;1;55.6;0.773681653855293;226;-0.368627286826339;13;0.468618225082112;0.0835503465205116
"Baez_2013f.csv";"Baez_2013";"M";"M - A";2;"incr.P";1;"1095";3;1;55.6;0.773681653855293;226;-0.368627286826339;13;0.468618225082112;-0.413291268699394
"Baez_2013f.csv";"Baez_2013";"M";"M - A";3;"incr.P";1;"1095";3;1;55.6;0.773681653855293;226;-0.368627286826339;13;0.468618225082112;0.599044254924241
"Chimner_2010a.csv";"Chimner_2010";"HPGRS";"HPGRS - A";1;"incr.P";1;"730";2;1;23.13624679;0.314137715037511;389;-0.143389669314567;7.9;0.226231345616606;0.331407421657895
"Chimner_2010a.csv";"Chimner_2010";"HPGRS";"HPGRS - A";2;"incr.P";1;"730";2;1;23.13624679;0.314137715037511;389;-0.143389669314567;7.9;0.226231345616606;0.353502510433368
"Chimner_2010a.csv";"Chimner_2010";"HPGRS";"HPGRS - A";3;"incr.P";1;"730";2;1;23.13624679;0.314137715037511;389;-0.143389669314567;7.9;0.226231345616606;0.148141103986916
"Chimner_2010b.csv";"Chimner_2010";"HPGRS";"HPGRS - A";1;"incr.P";2;"730";2;1;34.96143959;0.481530426577646;389;-0.143389669314567;7.9;0.226231345616606;0.0196202715762643
"Chimner_2010b.csv";"Chimner_2010";"HPGRS";"HPGRS - A";2;"incr.P";2;"730";2;1;34.96143959;0.481530426577646;389;-0.143389669314567;7.9;0.226231345616606;0.215528850446166
"Chimner_2010b.csv";"Chimner_2010";"HPGRS";"HPGRS - A";3;"incr.P";2;"730";2;1;34.96143959;0.481530426577646;389;-0.143389669314567;7.9;0.226231345616606;0.154803800892919
"Chimner_2010c.csv";"Chimner_2010";"HPGRS";"HPGRS - A";1;"incr.P";3;"730";2;1;59.47368421;0.828515982100842;389;-0.143389669314567;7.9;0.226231345616606;-0.648276090331365
"Chimner_2010c.csv";"Chimner_2010";"HPGRS";"HPGRS - A";2;"incr.P";3;"730";2;1;59.47368421;0.828515982100842;389;-0.143389669314567;7.9;0.226231345616606;0.000556140676211569
"Chimner_2010c.csv";"Chimner_2010";"HPGRS";"HPGRS - A";3;"incr.P";3;"730";2;1;59.47368421;0.828515982100842;389;-0.143389669314567;7.9;0.226231345616606;0.04391102779873
"Collins_2017.csv";"Collins_2017";"SNWR";"SNWR - A";1;"incr.P";1;"3650";10;1;20;0.269742256704084;255;-0.328554336471484;12.5;0.44485480552667;-0.274725166646155
"Collins_2017.csv";"Collins_2017";"SNWR";"SNWR - A";2;"incr.P";1;"3650";10;1;20;0.269742256704084;255;-0.328554336471484;12.5;0.44485480552667;-0.839779717338102
"Collins_2017.csv";"Collins_2017";"SNWR";"SNWR - A";3;"incr.P";1;"3650";10;1;20;0.269742256704084;255;-0.328554336471484;12.5;0.44485480552667;0.30213196263284
"Collins_2017.csv";"Collins_2017";"SNWR";"SNWR - A";4;"incr.P";1;"3650";10;1;20;0.269742256704084;255;-0.328554336471484;12.5;0.44485480552667;-0.254207530255456
"Collins_2017.csv";"Collins_2017";"SNWR";"SNWR - A";5;"incr.P";1;"3650";10;1;20;0.269742256704084;255;-0.328554336471484;12.5;0.44485480552667;0.519505157485713
"Eskelinen_2015a.csv";"Eskelinen_2015";"Harshserp";"Harshserp - A";1;"incr.P";1;"1460";4;1;18;0.241431054616937;886;0.543377790215192;13.3;0.482876276815377;0.0716919284561164
"Eskelinen_2015a.csv";"Eskelinen_2015";"Harshserp";"Harshserp - A";2;"incr.P";1;"1460";4;1;18;0.241431054616937;886;0.543377790215192;13.3;0.482876276815377;-0.574608572521563
"Eskelinen_2015a.csv";"Eskelinen_2015";"Harshserp";"Harshserp - A";3;"incr.P";1;"1460";4;1;18;0.241431054616937;886;0.543377790215192;13.3;0.482876276815377;0.438638881790163
"Eskelinen_2015a.csv";"Eskelinen_2015";"Harshserp";"Harshserp - B";1;"incr.P";1;"1460";4;1;18;0.241431054616937;886;0.543377790215192;13.3;0.482876276815377;-0.794929874869887
"Eskelinen_2015a.csv";"Eskelinen_2015";"Harshserp";"Harshserp - B";2;"incr.P";1;"1460";4;1;18;0.241431054616937;886;0.543377790215192;13.3;0.482876276815377;-0.132712279950738
"Eskelinen_2015a.csv";"Eskelinen_2015";"Harshserp";"Harshserp - C";1;"incr.P";1;"1460";4;1;18;0.241431054616937;886;0.543377790215192;13.3;0.482876276815377;0.589368943713249
"Eskelinen_2015a.csv";"Eskelinen_2015";"Harshserp";"Harshserp - C";2;"incr.P";1;"1460";4;1;18;0.241431054616937;886;0.543377790215192;13.3;0.482876276815377;0.336472236621213
"Eskelinen_2015a.csv";"Eskelinen_2015";"Harshserp";"Harshserp - C";3;"incr.P";1;"1460";4;1;18;0.241431054616937;886;0.543377790215192;13.3;0.482876276815377;-0.0959639882617438
"Eskelinen_2015a.csv";"Eskelinen_2015";"Harshserp";"Harshserp - D";1;"incr.P";1;"1460";4;1;18;0.241431054616937;886;0.543377790215192;13.3;0.482876276815377;0.433339644874144
"Eskelinen_2015a.csv";"Eskelinen_2015";"Harshserp";"Harshserp - D";2;"incr.P";1;"1460";4;1;18;0.241431054616937;886;0.543377790215192;13.3;0.482876276815377;0.183004383723866
"Eskelinen_2015b.csv";"Eskelinen_2015";"Lushserp";"Lushserp - A";1;"incr.P";1;"1460";4;1;18;0.241431054616937;886;0.543377790215192;13.3;0.482876276815377;-0.295351131229907
"Eskelinen_2015b.csv";"Eskelinen_2015";"Lushserp";"Lushserp - A";2;"incr.P";1;"1460";4;1;18;0.241431054616937;886;0.543377790215192;13.3;0.482876276815377;0.268655197397087
"Eskelinen_2015b.csv";"Eskelinen_2015";"Lushserp";"Lushserp - A";3;"incr.P";1;"1460";4;1;18;0.241431054616937;886;0.543377790215192;13.3;0.482876276815377;0.302465868636018
"Eskelinen_2015b.csv";"Eskelinen_2015";"Lushserp";"Lushserp - A";4;"incr.P";1;"1460";4;1;18;0.241431054616937;886;0.543377790215192;13.3;0.482876276815377;0.60040512886133
"Eskelinen_2015b.csv";"Eskelinen_2015";"Lushserp";"Lushserp - A";5;"incr.P";1;"1460";4;1;18;0.241431054616937;886;0.543377790215192;13.3;0.482876276815377;0.321583624127463
"Eskelinen_2015b.csv";"Eskelinen_2015";"Lushserp";"Lushserp - B";1;"incr.P";1;"1460";4;1;18;0.241431054616937;886;0.543377790215192;13.3;0.482876276815377;0.2978639785969
"Eskelinen_2015b.csv";"Eskelinen_2015";"Lushserp";"Lushserp - C";1;"incr.P";1;"1460";4;1;18;0.241431054616937;886;0.543377790215192;13.3;0.482876276815377;0.933097850190536
"Eskelinen_2015b.csv";"Eskelinen_2015";"Lushserp";"Lushserp - C";2;"incr.P";1;"1460";4;1;18;0.241431054616937;886;0.543377790215192;13.3;0.482876276815377;0.452166201154145
"Eskelinen_2015b.csv";"Eskelinen_2015";"Lushserp";"Lushserp - C";3;"incr.P";1;"1460";4;1;18;0.241431054616937;886;0.543377790215192;13.3;0.482876276815377;0.118099541435256
"Eskelinen_2015b.csv";"Eskelinen_2015";"Lushserp";"Lushserp - D";1;"incr.P";1;"1460";4;1;18;0.241431054616937;886;0.543377790215192;13.3;0.482876276815377;0.821789473359678
"Eskelinen_2015b.csv";"Eskelinen_2015";"Lushserp";"Lushserp - D";2;"incr.P";1;"1460";4;1;18;0.241431054616937;886;0.543377790215192;13.3;0.482876276815377;0.0865476626293615
"Eskelinen_2015b.csv";"Eskelinen_2015";"Lushserp";"Lushserp - D";3;"incr.P";1;"1460";4;1;18;0.241431054616937;886;0.543377790215192;13.3;0.482876276815377;1.05344802161398
"Eskelinen_2015c.csv";"Eskelinen_2015";"Nonserp";"Nonserp - A";1;"incr.P";1;"1460";4;1;18;0.241431054616937;886;0.543377790215192;13.3;0.482876276815377;0.52587313035716
"Eskelinen_2015c.csv";"Eskelinen_2015";"Nonserp";"Nonserp - A";2;"incr.P";1;"1460";4;1;18;0.241431054616937;886;0.543377790215192;13.3;0.482876276815377;0.0623578610433753
"Eskelinen_2015c.csv";"Eskelinen_2015";"Nonserp";"Nonserp - A";3;"incr.P";1;"1460";4;1;18;0.241431054616937;886;0.543377790215192;13.3;0.482876276815377;1.42493215382531
"Eskelinen_2015c.csv";"Eskelinen_2015";"Nonserp";"Nonserp - B";1;"incr.P";1;"1460";4;1;18;0.241431054616937;886;0.543377790215192;13.3;0.482876276815377;0.241696959209958
"Eskelinen_2015c.csv";"Eskelinen_2015";"Nonserp";"Nonserp - B";2;"incr.P";1;"1460";4;1;18;0.241431054616937;886;0.543377790215192;13.3;0.482876276815377;0.741559344346876
"Eskelinen_2015c.csv";"Eskelinen_2015";"Nonserp";"Nonserp - C";1;"incr.P";1;"1460";4;1;18;0.241431054616937;886;0.543377790215192;13.3;0.482876276815377;0.510496622282516
"Eskelinen_2015c.csv";"Eskelinen_2015";"Nonserp";"Nonserp - C";2;"incr.P";1;"1460";4;1;18;0.241431054616937;886;0.543377790215192;13.3;0.482876276815377;1.29157522283233
"Eskelinen_2015c.csv";"Eskelinen_2015";"Nonserp";"Nonserp - C";3;"incr.P";1;"1460";4;1;18;0.241431054616937;886;0.543377790215192;13.3;0.482876276815377;1.418075610988
"Eskelinen_2015c.csv";"Eskelinen_2015";"Nonserp";"Nonserp - D";1;"incr.P";1;"1460";4;1;18;0.241431054616937;886;0.543377790215192;13.3;0.482876276815377;0.593955385013445
"Eskelinen_2015c.csv";"Eskelinen_2015";"Nonserp";"Nonserp - D";2;"incr.P";1;"1460";4;1;18;0.241431054616937;886;0.543377790215192;13.3;0.482876276815377;1.17191087186627
"Eskelinen_2015c.csv";"Eskelinen_2015";"Nonserp";"Nonserp - D";3;"incr.P";1;"1460";4;1;18;0.241431054616937;886;0.543377790215192;13.3;0.482876276815377;-0.664515367885618
"Gilgen_2009a.csv";"Gilgen_2009";"Chamau";"Chamau - A";1;"decr.P";1;"730";2;0.2;-29.90196078;-0.436649991389638;1197;0.973125637124156;7.7;0.216725977794429;0.0464915527718119
"Gilgen_2009a.csv";"Gilgen_2009";"Chamau";"Chamau - A";2;"decr.P";1;"730";2;0.2;-29.90196078;-0.436649991389638;1197;0.973125637124156;7.7;0.216725977794429;0.191928245863677
"Gilgen_2009a.csv";"Gilgen_2009";"Chamau";"Chamau - A";3;"decr.P";1;"730";2;0.2;-29.90196078;-0.436649991389638;1197;0.973125637124156;7.7;0.216725977794429;0.183513288153773
"Gilgen_2009a.csv";"Gilgen_2009";"Chamau";"Chamau - A";4;"decr.P";1;"730";2;0.2;-29.90196078;-0.436649991389638;1197;0.973125637124156;7.7;0.216725977794429;0.146919629743039
"Gilgen_2009a.csv";"Gilgen_2009";"Chamau";"Chamau - A";5;"decr.P";1;"730";2;0.2;-29.90196078;-0.436649991389638;1197;0.973125637124156;7.7;0.216725977794429;0.0334794698224181
"Gilgen_2009b.csv";"Gilgen_2009";"Fruebuel";"Fruebuel - A";1;"decr.P";1;"730";2;0.2;-32.93751767;-0.479620123669548;1185;0.956543726632491;7.9;0.226231345616606;-0.387337723515607
"Gilgen_2009b.csv";"Gilgen_2009";"Fruebuel";"Fruebuel - A";2;"decr.P";1;"730";2;0.2;-32.93751767;-0.479620123669548;1185;0.956543726632491;7.9;0.226231345616606;-0.0540300461344891
"Gilgen_2009b.csv";"Gilgen_2009";"Fruebuel";"Fruebuel - A";3;"decr.P";1;"730";2;0.2;-32.93751767;-0.479620123669548;1185;0.956543726632491;7.9;0.226231345616606;0.33623638447321
"Gilgen_2009b.csv";"Gilgen_2009";"Fruebuel";"Fruebuel - A";4;"decr.P";1;"730";2;0.2;-32.93751767;-0.479620123669548;1185;0.956543726632491;7.9;0.226231345616606;-0.203806054131699
"Gilgen_2009b.csv";"Gilgen_2009";"Fruebuel";"Fruebuel - A";5;"decr.P";1;"730";2;0.2;-32.93751767;-0.479620123669548;1185;0.956543726632491;7.9;0.226231345616606;0.0290296146751139
"Grime_2008a.csv";"Grime_2008";"Buxton";"Buxton - A";1;"decr.P";1;"5840";16;2.5;-25.38461538;-0.372704252131217;1149;0.906797995157499;8.2;0.240489397349871;-0.235964239743271
"Grime_2008a.csv";"Grime_2008";"Buxton";"Buxton - B";2;"decr.P";1;"5840";16;2.5;-25.38461538;-0.372704252131217;1149;0.906797995157499;8.2;0.240489397349871;0.0711762784678944
"Grime_2008a.csv";"Grime_2008";"Buxton";"Buxton - C";3;"decr.P";1;"5840";16;2.5;-25.38461538;-0.372704252131217;1149;0.906797995157499;8.2;0.240489397349871;-0.461818044659296
"Grime_2008a.csv";"Grime_2008";"Buxton";"Buxton - D";4;"decr.P";1;"5840";16;2.5;-25.38461538;-0.372704252131217;1149;0.906797995157499;8.2;0.240489397349871;-0.125688215163497
"Grime_2008a.csv";"Grime_2008";"Buxton";"Buxton - E";5;"decr.P";1;"5840";16;2.5;-25.38461538;-0.372704252131217;1149;0.906797995157499;8.2;0.240489397349871;-0.883665504558078
"Grime_2008b.csv";"Grime_2008";"Buxton";"Buxton - A";1;"incr.P";2;"5840";16;2.5;13.07692308;0.171741941830593;1149;0.906797995157499;8.2;0.240489397349871;-0.107485914970139
"Grime_2008b.csv";"Grime_2008";"Buxton";"Buxton - B";2;"incr.P";2;"5840";16;2.5;13.07692308;0.171741941830593;1149;0.906797995157499;8.2;0.240489397349871;0.0557913596284152
"Grime_2008b.csv";"Grime_2008";"Buxton";"Buxton - C";3;"incr.P";2;"5840";16;2.5;13.07692308;0.171741941830593;1149;0.906797995157499;8.2;0.240489397349871;0.0852975805118952
"Grime_2008b.csv";"Grime_2008";"Buxton";"Buxton - D";4;"incr.P";2;"5840";16;2.5;13.07692308;0.171741941830593;1149;0.906797995157499;8.2;0.240489397349871;0.249563114348171
"Grime_2008b.csv";"Grime_2008";"Buxton";"Buxton - E";5;"incr.P";2;"5840";16;2.5;13.07692308;0.171741941830593;1149;0.906797995157499;8.2;0.240489397349871;-0.160120846813761
"Hallett_2017a.csv";"Hallett_2017";"SFREC";"SFREC - B";1;"decr.P";1;"730";2;0.25;-45.20547945;-0.653280496245033;934;0.609705432181848;15.6;0.59218800677041;-0.410742165209008
"Hallett_2017a.csv";"Hallett_2017";"SFREC";"SFREC - B";2;"decr.P";1;"730";2;0.25;-45.20547945;-0.653280496245033;934;0.609705432181848;15.6;0.59218800677041;-0.319770387003281
"Hallett_2017a.csv";"Hallett_2017";"SFREC";"SFREC - C";1;"decr.P";1;"730";2;0.25;-45.20547945;-0.653280496245033;934;0.609705432181848;15.6;0.59218800677041;0.123613955967176
"Hallett_2017a.csv";"Hallett_2017";"SFREC";"SFREC - C";2;"decr.P";1;"730";2;0.25;-45.20547945;-0.653280496245033;934;0.609705432181848;15.6;0.59218800677041;-0.0132452267500209
"Hallett_2017a.csv";"Hallett_2017";"SFREC";"SFREC - F";1;"decr.P";1;"730";2;0.25;-45.20547945;-0.653280496245033;934;0.609705432181848;15.6;0.59218800677041;0.345501643340607
"Hallett_2017a.csv";"Hallett_2017";"SFREC";"SFREC - F";2;"decr.P";1;"730";2;0.25;-45.20547945;-0.653280496245033;934;0.609705432181848;15.6;0.59218800677041;0.400160055878471
"Hallett_2017a.csv";"Hallett_2017";"SFREC";"SFREC - G";1;"decr.P";1;"730";2;0.25;-45.20547945;-0.653280496245033;934;0.609705432181848;15.6;0.59218800677041;-0.0652405218684011
"Hallett_2017a.csv";"Hallett_2017";"SFREC";"SFREC - G";2;"decr.P";1;"730";2;0.25;-45.20547945;-0.653280496245033;934;0.609705432181848;15.6;0.59218800677041;-0.305381649551181
"Hallett_2017a.csv";"Hallett_2017";"SFREC";"SFREC - E";2;"decr.P";1;"730";2;0.25;-45.20547945;-0.653280496245033;934;0.609705432181848;15.6;0.59218800677041;-0.300104592450339
"Hallett_2017a.csv";"Hallett_2017";"SFREC";"SFREC - H";1;"decr.P";1;"730";2;0.25;-45.20547945;-0.653280496245033;934;0.609705432181848;15.6;0.59218800677041;-0.693147180559945
"Hallett_2017a.csv";"Hallett_2017";"SFREC";"SFREC - H";2;"decr.P";1;"730";2;0.25;-45.20547945;-0.653280496245033;934;0.609705432181848;15.6;0.59218800677041;-0.327212911208416
"Hallett_2017a.csv";"Hallett_2017";"SFREC";"SFREC - D";2;"decr.P";1;"730";2;0.25;-45.20547945;-0.653280496245033;934;0.609705432181848;15.6;0.59218800677041;-0.668454567969573
"Hallett_2017a.csv";"Hallett_2017";"SFREC";"SFREC - A";1;"decr.P";1;"730";2;0.25;-45.20547945;-0.653280496245033;934;0.609705432181848;15.6;0.59218800677041;-0.232331977368617
"Hallett_2017a.csv";"Hallett_2017";"SFREC";"SFREC - A";2;"decr.P";1;"730";2;0.25;-45.20547945;-0.653280496245033;934;0.609705432181848;15.6;0.59218800677041;-1.14862270924277
"Hallett_2017a.csv";"Hallett_2017";"SFREC";"SFREC - D";1;"decr.P";1;"730";2;0.25;-45.20547945;-0.653280496245033;934;0.609705432181848;15.6;0.59218800677041;-0.980829253011726
"Hallett_2017a.csv";"Hallett_2017";"SFREC";"SFREC - E";1;"decr.P";1;"730";2;0.25;-45.20547945;-0.653280496245033;934;0.609705432181848;15.6;0.59218800677041;-0.131769277631124
"Hallett_2017b.csv";"Hallett_2017";"SFREC";"SFREC - C";2;"incr.P";2;"730";2;0.25;23.28767123;0.316281218998398;934;0.609705432181848;15.6;0.59218800677041;0.243977638217052
"Hallett_2017b.csv";"Hallett_2017";"SFREC";"SFREC - F";2;"incr.P";2;"730";2;0.25;23.28767123;0.316281218998398;934;0.609705432181848;15.6;0.59218800677041;-0.154150679827258
"Hallett_2017b.csv";"Hallett_2017";"SFREC";"SFREC - G";1;"incr.P";2;"730";2;0.25;23.28767123;0.316281218998398;934;0.609705432181848;15.6;0.59218800677041;-0.476339447694821
"Hallett_2017b.csv";"Hallett_2017";"SFREC";"SFREC - G";2;"incr.P";2;"730";2;0.25;23.28767123;0.316281218998398;934;0.609705432181848;15.6;0.59218800677041;-0.349184272209575
"Hallett_2017b.csv";"Hallett_2017";"SFREC";"SFREC - F";1;"incr.P";2;"730";2;0.25;23.28767123;0.316281218998398;934;0.609705432181848;15.6;0.59218800677041;0.263584520872721
"Hallett_2017b.csv";"Hallett_2017";"SFREC";"SFREC - B";1;"incr.P";2;"730";2;0.25;23.28767123;0.316281218998398;934;0.609705432181848;15.6;0.59218800677041;-0.043017385083691
"Hallett_2017b.csv";"Hallett_2017";"SFREC";"SFREC - B";2;"incr.P";2;"730";2;0.25;23.28767123;0.316281218998398;934;0.609705432181848;15.6;0.59218800677041;0.100083458556982
"Hallett_2017b.csv";"Hallett_2017";"SFREC";"SFREC - C";1;"incr.P";2;"730";2;0.25;23.28767123;0.316281218998398;934;0.609705432181848;15.6;0.59218800677041;0.29423947299794
"Hallett_2017b.csv";"Hallett_2017";"SFREC";"SFREC - A";1;"incr.P";2;"730";2;0.25;23.28767123;0.316281218998398;934;0.609705432181848;15.6;0.59218800677041;0.198450938723838
"Hallett_2017b.csv";"Hallett_2017";"SFREC";"SFREC - A";2;"incr.P";2;"730";2;0.25;23.28767123;0.316281218998398;934;0.609705432181848;15.6;0.59218800677041;0.338212881098997
"Hallett_2017b.csv";"Hallett_2017";"SFREC";"SFREC - D";1;"incr.P";2;"730";2;0.25;23.28767123;0.316281218998398;934;0.609705432181848;15.6;0.59218800677041;0.0368139731227171
"Hallett_2017b.csv";"Hallett_2017";"SFREC";"SFREC - D";2;"incr.P";2;"730";2;0.25;23.28767123;0.316281218998398;934;0.609705432181848;15.6;0.59218800677041;0.0953101798043257
"Hallett_2017b.csv";"Hallett_2017";"SFREC";"SFREC - E";1;"incr.P";2;"730";2;0.25;23.28767123;0.316281218998398;934;0.609705432181848;15.6;0.59218800677041;0.0482021018178775
"Hallett_2017b.csv";"Hallett_2017";"SFREC";"SFREC - E";2;"incr.P";2;"730";2;0.25;23.28767123;0.316281218998398;934;0.609705432181848;15.6;0.59218800677041;0.230523658611832
"Hallett_2017b.csv";"Hallett_2017";"SFREC";"SFREC - H";1;"incr.P";2;"730";2;0.25;23.28767123;0.316281218998398;934;0.609705432181848;15.6;0.59218800677041;-0.279960026357871
"Hallett_2017b.csv";"Hallett_2017";"SFREC";"SFREC - H";2;"incr.P";2;"730";2;0.25;23.28767123;0.316281218998398;934;0.609705432181848;15.6;0.59218800677041;0.0115608224010764
"Harpole_2007.csv";"Harpole_2007";"Irvine.Ranch.Land.Reserve";"Irvine.Ranch.Land.Reserve - A";1;"incr.P";1;"60";0.2;0.1125;30.53097345;0.418814515462746;322;-0.235972002893026;16.7;0.644467529792382;0.271498440154651
"Harpole_2007.csv";"Harpole_2007";"Irvine.Ranch.Land.Reserve";"Irvine.Ranch.Land.Reserve - B";2;"incr.P";1;"60";0.2;0.1125;30.53097345;0.418814515462746;322;-0.235972002893026;16.7;0.644467529792382;-0.433474455071453
"Harpole_2007.csv";"Harpole_2007";"Irvine.Ranch.Land.Reserve";"Irvine.Ranch.Land.Reserve - C";3;"incr.P";1;"60";0.2;0.1125;30.53097345;0.418814515462746;322;-0.235972002893026;16.7;0.644467529792382;1.18386222940253
"Harpole_2007.csv";"Harpole_2007";"Irvine.Ranch.Land.Reserve";"Irvine.Ranch.Land.Reserve - D";4;"incr.P";1;"60";0.2;0.1125;30.53097345;0.418814515462746;322;-0.235972002893026;16.7;0.644467529792382;0.186897145805118
"Harpole_2007.csv";"Harpole_2007";"Irvine.Ranch.Land.Reserve";"Irvine.Ranch.Land.Reserve - E";5;"incr.P";1;"60";0.2;0.1125;30.53097345;0.418814515462746;322;-0.235972002893026;16.7;0.644467529792382;0.0799493773582798
"Holub_2013a.csv";"Holub_2013";"lowland";"lowland - A";1;"decr.P";1;"730";2;0.5;-50;-0.721149816346047;621;0.177193933524274;8.6;0.259500132994224;0.145182009844498
"Holub_2013a.csv";"Holub_2013";"lowland";"lowland - A";2;"decr.P";1;"730";2;0.5;-50;-0.721149816346047;621;0.177193933524274;8.6;0.259500132994224;0.497402603433851
"Holub_2013a.csv";"Holub_2013";"lowland";"lowland - A";3;"decr.P";1;"730";2;0.5;-50;-0.721149816346047;621;0.177193933524274;8.6;0.259500132994224;0.77908961036067
"Holub_2013a.csv";"Holub_2013";"lowland";"lowland - A";4;"decr.P";1;"730";2;0.5;-50;-0.721149816346047;621;0.177193933524274;8.6;0.259500132994224;0.302280871872934
"Holub_2013b.csv";"Holub_2013";"lowland";"lowland - A";1;"incr.P";2;"730";2;0.5;50;0.694410288011282;621;0.177193933524274;8.6;0.259500132994224;0.523248143764548
"Holub_2013b.csv";"Holub_2013";"lowland";"lowland - A";2;"incr.P";2;"730";2;0.5;50;0.694410288011282;621;0.177193933524274;8.6;0.259500132994224;-0.251314428280906
"Holub_2013b.csv";"Holub_2013";"lowland";"lowland - A";3;"incr.P";2;"730";2;0.5;50;0.694410288011282;621;0.177193933524274;8.6;0.259500132994224;0.396881364416773
"Holub_2013b.csv";"Holub_2013";"lowland";"lowland - A";4;"incr.P";2;"730";2;0.5;50;0.694410288011282;621;0.177193933524274;8.6;0.259500132994224;-0.0400053346136993
"Holub_2013c.csv";"Holub_2013";"mountain";"mountain - A";1;"decr.P";1;"730";2;0.5;-50;-0.721149816346047;978;0.670505770651284;5.6;0.116919615661573;0.23572233352107
"Holub_2013c.csv";"Holub_2013";"mountain";"mountain - A";2;"decr.P";1;"730";2;0.5;-50;-0.721149816346047;978;0.670505770651284;5.6;0.116919615661573;-0.213574100298059
"Holub_2013c.csv";"Holub_2013";"mountain";"mountain - A";3;"decr.P";1;"730";2;0.5;-50;-0.721149816346047;978;0.670505770651284;5.6;0.116919615661573;-0.51082562376599
"Holub_2013c.csv";"Holub_2013";"mountain";"mountain - A";4;"decr.P";1;"730";2;0.5;-50;-0.721149816346047;978;0.670505770651284;5.6;0.116919615661573;-0.344096161731872
"Holub_2013d.csv";"Holub_2013";"mountain";"mountain - A";1;"incr.P";2;"730";2;0.5;50;0.694410288011282;978;0.670505770651284;5.6;0.116919615661573;-0.106767975425706
"Holub_2013d.csv";"Holub_2013";"mountain";"mountain - A";2;"incr.P";2;"730";2;0.5;50;0.694410288011282;978;0.670505770651284;5.6;0.116919615661573;0.0741079721537217
"Holub_2013d.csv";"Holub_2013";"mountain";"mountain - A";3;"incr.P";2;"730";2;0.5;50;0.694410288011282;978;0.670505770651284;5.6;0.116919615661573;-0.45953232937844
"Holub_2013d.csv";"Holub_2013";"mountain";"mountain - A";4;"incr.P";2;"730";2;0.5;50;0.694410288011282;978;0.670505770651284;5.6;0.116919615661573;-0.457424847038876
"Kahmen_2005.csv";"Kahmen_2005";"SG";"SG - A";1;"decr.P";1;"365";1;2;-20;-0.296481785038848;785;0.403813376910351;6.4;0.15494108695028;0.0141178815457845
"Kahmen_2005.csv";"Kahmen_2005";"SG";"SG - B";2;"decr.P";1;"365";1;2;-20;-0.296481785038848;785;0.403813376910351;6.4;0.15494108695028;-0.371989178911775
"Kahmen_2005.csv";"Kahmen_2005";"SG";"SG - C";3;"decr.P";1;"365";1;2;-20;-0.296481785038848;785;0.403813376910351;6.4;0.15494108695028;0.438102037421187
"Kahmen_2005.csv";"Kahmen_2005";"SG";"SG - D";4;"decr.P";1;"365";1;2;-20;-0.296481785038848;785;0.403813376910351;6.4;0.15494108695028;0.0994449297057107
"Kahmen_2005.csv";"Kahmen_2005";"SG";"SG - E";5;"decr.P";1;"365";1;2;-20;-0.296481785038848;785;0.403813376910351;6.4;0.15494108695028;-0.158559210112024
"Kahmen_2005.csv";"Kahmen_2005";"SG";"SG - F";6;"decr.P";1;"365";1;2;-20;-0.296481785038848;785;0.403813376910351;6.4;0.15494108695028;0.0768427049428659
"Kahmen_2005.csv";"Kahmen_2005";"SG";"SG - G";7;"decr.P";1;"365";1;2;-20;-0.296481785038848;785;0.403813376910351;6.4;0.15494108695028;0.0969617078427971
"Kahmen_2005.csv";"Kahmen_2005";"SG";"SG - H";8;"decr.P";1;"365";1;2;-20;-0.296481785038848;785;0.403813376910351;6.4;0.15494108695028;-0.124591877585713
"Kahmen_2005.csv";"Kahmen_2005";"SG";"SG - I";9;"decr.P";1;"365";1;2;-20;-0.296481785038848;785;0.403813376910351;6.4;0.15494108695028;-0.0854612294152286
"Kahmen_2005.csv";"Kahmen_2005";"SG";"SG - J";10;"decr.P";1;"365";1;2;-20;-0.296481785038848;785;0.403813376910351;6.4;0.15494108695028;-0.0906543682681304
"Kahmen_2005.csv";"Kahmen_2005";"SG";"SG - K";11;"decr.P";1;"365";1;2;-20;-0.296481785038848;785;0.403813376910351;6.4;0.15494108695028;0.0178348676360347
"Kahmen_2005.csv";"Kahmen_2005";"SG";"SG - L";12;"decr.P";1;"365";1;2;-20;-0.296481785038848;785;0.403813376910351;6.4;0.15494108695028;-0.11876007530421
"Kahmen_2005.csv";"Kahmen_2005";"SG";"SG - M";13;"decr.P";1;"365";1;2;-20;-0.296481785038848;785;0.403813376910351;6.4;0.15494108695028;-0.00241838086428103
"Kahmen_2005.csv";"Kahmen_2005";"SG";"SG - N";14;"decr.P";1;"365";1;2;-20;-0.296481785038848;785;0.403813376910351;6.4;0.15494108695028;0.164383856107287
"Kahmen_2005.csv";"Kahmen_2005";"SG";"SG - O";15;"decr.P";1;"365";1;2;-20;-0.296481785038848;785;0.403813376910351;6.4;0.15494108695028;0.100991311547162
"Kahmen_2005.csv";"Kahmen_2005";"SG";"SG - P";16;"decr.P";1;"365";1;2;-20;-0.296481785038848;785;0.403813376910351;6.4;0.15494108695028;-0.0606246218164355
"Kahmen_2005.csv";"Kahmen_2005";"SG";"SG - Q";17;"decr.P";1;"365";1;2;-20;-0.296481785038848;785;0.403813376910351;6.4;0.15494108695028;-0.360642597549026
"Kahmen_2005.csv";"Kahmen_2005";"SG";"SG - R";18;"decr.P";1;"365";1;2;-20;-0.296481785038848;785;0.403813376910351;6.4;0.15494108695028;-0.242878795435942
"Kahmen_2005.csv";"Kahmen_2005";"SG";"SG - S";19;"decr.P";1;"365";1;2;-20;-0.296481785038848;785;0.403813376910351;6.4;0.15494108695028;0.0858159195848565
"Lauenroth_2014.csv";"Lauenroth_2014";"SGS-LTER.Field.Station";"SGS-LTER.Field.Station - A";1;"incr.P";1;"5110";14;0.25;95.63;1.34033036362953;366;-0.17517166442359;8.4;0.249994765172047;0.711105356057477
"Lauenroth_2014.csv";"Lauenroth_2014";"SGS-LTER.Field.Station";"SGS-LTER.Field.Station - A";10;"incr.P";1;"5110";14;0.25;95.63;1.34033036362953;366;-0.17517166442359;8.4;0.249994765172047;1.11535047249738
"Lauenroth_2014.csv";"Lauenroth_2014";"SGS-LTER.Field.Station";"SGS-LTER.Field.Station - A";2;"incr.P";1;"5110";14;0.25;95.63;1.34033036362953;366;-0.17517166442359;8.4;0.249994765172047;1.00806065283833
"Lauenroth_2014.csv";"Lauenroth_2014";"SGS-LTER.Field.Station";"SGS-LTER.Field.Station - A";3;"incr.P";1;"5110";14;0.25;95.63;1.34033036362953;366;-0.17517166442359;8.4;0.249994765172047;1.07375397474648
"Lauenroth_2014.csv";"Lauenroth_2014";"SGS-LTER.Field.Station";"SGS-LTER.Field.Station - A";4;"incr.P";1;"5110";14;0.25;95.63;1.34033036362953;366;-0.17517166442359;8.4;0.249994765172047;0.937489805047863
"Lauenroth_2014.csv";"Lauenroth_2014";"SGS-LTER.Field.Station";"SGS-LTER.Field.Station - A";5;"incr.P";1;"5110";14;0.25;95.63;1.34033036362953;366;-0.17517166442359;8.4;0.249994765172047;0.748717031714756
"Lauenroth_2014.csv";"Lauenroth_2014";"SGS-LTER.Field.Station";"SGS-LTER.Field.Station - A";6;"incr.P";1;"5110";14;0.25;95.63;1.34033036362953;366;-0.17517166442359;8.4;0.249994765172047;1.3464393550886
"Lauenroth_2014.csv";"Lauenroth_2014";"SGS-LTER.Field.Station";"SGS-LTER.Field.Station - A";7;"incr.P";1;"5110";14;0.25;95.63;1.34033036362953;366;-0.17517166442359;8.4;0.249994765172047;0.183493942733354
"Lauenroth_2014.csv";"Lauenroth_2014";"SGS-LTER.Field.Station";"SGS-LTER.Field.Station - A";8;"incr.P";1;"5110";14;0.25;95.63;1.34033036362953;366;-0.17517166442359;8.4;0.249994765172047;0.521545216620285
"Lauenroth_2014.csv";"Lauenroth_2014";"SGS-LTER.Field.Station";"SGS-LTER.Field.Station - A";9;"incr.P";1;"5110";14;0.25;95.63;1.34033036362953;366;-0.17517166442359;8.4;0.249994765172047;1.17513179833433
"Lauenroth_2014.csv";"Lauenroth_2014";"SGS-LTER.Field.Station";"SGS-LTER.Field.Station - B";1;"incr.P";1;"5110";14;0.25;95.63;1.34033036362953;366;-0.17517166442359;8.4;0.249994765172047;2.08312207583096
"Lauenroth_2014.csv";"Lauenroth_2014";"SGS-LTER.Field.Station";"SGS-LTER.Field.Station - B";10;"incr.P";1;"5110";14;0.25;95.63;1.34033036362953;366;-0.17517166442359;8.4;0.249994765172047;0.170912920547276
"Lauenroth_2014.csv";"Lauenroth_2014";"SGS-LTER.Field.Station";"SGS-LTER.Field.Station - B";2;"incr.P";1;"5110";14;0.25;95.63;1.34033036362953;366;-0.17517166442359;8.4;0.249994765172047;0.211180920656772
"Lauenroth_2014.csv";"Lauenroth_2014";"SGS-LTER.Field.Station";"SGS-LTER.Field.Station - B";3;"incr.P";1;"5110";14;0.25;95.63;1.34033036362953;366;-0.17517166442359;8.4;0.249994765172047;1.32652597814982
"Lauenroth_2014.csv";"Lauenroth_2014";"SGS-LTER.Field.Station";"SGS-LTER.Field.Station - B";4;"incr.P";1;"5110";14;0.25;95.63;1.34033036362953;366;-0.17517166442359;8.4;0.249994765172047;1.42761692574432
"Lauenroth_2014.csv";"Lauenroth_2014";"SGS-LTER.Field.Station";"SGS-LTER.Field.Station - B";5;"incr.P";1;"5110";14;0.25;95.63;1.34033036362953;366;-0.17517166442359;8.4;0.249994765172047;1.09495440400858
"Lauenroth_2014.csv";"Lauenroth_2014";"SGS-LTER.Field.Station";"SGS-LTER.Field.Station - B";6;"incr.P";1;"5110";14;0.25;95.63;1.34033036362953;366;-0.17517166442359;8.4;0.249994765172047;1.87036884753854
"Lauenroth_2014.csv";"Lauenroth_2014";"SGS-LTER.Field.Station";"SGS-LTER.Field.Station - B";7;"incr.P";1;"5110";14;0.25;95.63;1.34033036362953;366;-0.17517166442359;8.4;0.249994765172047;1.281673946643
"Lauenroth_2014.csv";"Lauenroth_2014";"SGS-LTER.Field.Station";"SGS-LTER.Field.Station - B";8;"incr.P";1;"5110";14;0.25;95.63;1.34033036362953;366;-0.17517166442359;8.4;0.249994765172047;1.23370437115044
"Lauenroth_2014.csv";"Lauenroth_2014";"SGS-LTER.Field.Station";"SGS-LTER.Field.Station - B";9;"incr.P";1;"5110";14;0.25;95.63;1.34033036362953;366;-0.17517166442359;8.4;0.249994765172047;1.11706111705215
"Ludewig_2012a.csv";"Ludewig_2012";"Kuhlhausen";"Kuhlhausen - A";1;"decr.P";1;"1095";3;0.25;-14.76143141;-0.222326698039414;540;0.0652660377055406;8.9;0.273758184727489;-0.00516797015844261
"Ludewig_2012a.csv";"Ludewig_2012";"Kuhlhausen";"Kuhlhausen - B";2;"decr.P";1;"1095";3;0.25;-14.76143141;-0.222326698039414;540;0.0652660377055406;8.9;0.273758184727489;0.0101523714640175
"Ludewig_2012a.csv";"Ludewig_2012";"Kuhlhausen";"Kuhlhausen - C";3;"decr.P";1;"1095";3;0.25;-14.76143141;-0.222326698039414;540;0.0652660377055406;8.9;0.273758184727489;-0.0153455696746603
"Ludewig_2012a.csv";"Ludewig_2012";"Kuhlhausen";"Kuhlhausen - D";4;"decr.P";1;"1095";3;0.25;-14.76143141;-0.222326698039414;540;0.0652660377055406;8.9;0.273758184727489;0.0310905870700315
"Ludewig_2012a.csv";"Ludewig_2012";"Kuhlhausen";"Kuhlhausen - E";5;"decr.P";1;"1095";3;0.25;-14.76143141;-0.222326698039414;540;0.0652660377055406;8.9;0.273758184727489;-0.0101523714640175
"Ludewig_2012a.csv";"Ludewig_2012";"Kuhlhausen";"Kuhlhausen - F";6;"decr.P";1;"1095";3;0.25;-14.76143141;-0.222326698039414;540;0.0652660377055406;8.9;0.273758184727489;0.0051151006667709
"Ludewig_2012a.csv";"Ludewig_2012";"Kuhlhausen";"Kuhlhausen - G";7;"decr.P";1;"1095";3;0.25;-14.76143141;-0.222326698039414;540;0.0652660377055406;8.9;0.273758184727489;0
"Ludewig_2012b.csv";"Ludewig_2012";"Sueckau";"Sueckau - A";1;"decr.P";1;"1095";3;1.25;-13.00904977;-0.197520682667491;610;0.161993848906915;8.7;0.264252816905312;-0.031416196233379
"Ludewig_2012b.csv";"Ludewig_2012";"Sueckau";"Sueckau - B";2;"decr.P";1;"1095";3;1.25;-13.00904977;-0.197520682667491;610;0.161993848906915;8.7;0.264252816905312;0
"Ludewig_2012b.csv";"Ludewig_2012";"Sueckau";"Sueckau - C";3;"decr.P";1;"1095";3;1.25;-13.00904977;-0.197520682667491;610;0.161993848906915;8.7;0.264252816905312;0
"Ludewig_2012b.csv";"Ludewig_2012";"Sueckau";"Sueckau - D";4;"decr.P";1;"1095";3;1.25;-13.00904977;-0.197520682667491;610;0.161993848906915;8.7;0.264252816905312;0.061875403718088
"Ludewig_2012b.csv";"Ludewig_2012";"Sueckau";"Sueckau - E";5;"decr.P";1;"1095";3;1.25;-13.00904977;-0.197520682667491;610;0.161993848906915;8.7;0.264252816905312;-0.0529224014543423
"Ludewig_2012b.csv";"Ludewig_2012";"Sueckau";"Sueckau - F";6;"decr.P";1;"1095";3;1.25;-13.00904977;-0.197520682667491;610;0.161993848906915;8.7;0.264252816905312;0
"Ludewig_2012b.csv";"Ludewig_2012";"Sueckau";"Sueckau - G";7;"decr.P";1;"1095";3;1.25;-13.00904977;-0.197520682667491;610;0.161993848906915;8.7;0.264252816905312;0.0206192872027362
"Miranda_2009a.csv";"Miranda_2009";"Cabo_de_Gata";"Cabo_de_Gata - A";1;"decr.P";1;"210";0.5;0.08;-22.4;-0.330455227543424;226;-0.368627286826339;18;0.70625242063653;0.028170876966696
"Miranda_2009a.csv";"Miranda_2009";"Cabo_de_Gata";"Cabo_de_Gata - A";2;"decr.P";1;"210";0.5;0.08;-22.4;-0.330455227543424;226;-0.368627286826339;18;0.70625242063653;-0.37469344944141
"Miranda_2009a.csv";"Miranda_2009";"Cabo_de_Gata";"Cabo_de_Gata - A";3;"decr.P";1;"210";0.5;0.08;-22.4;-0.330455227543424;226;-0.368627286826339;18;0.70625242063653;0.346276236717834
"Miranda_2009a.csv";"Miranda_2009";"Cabo_de_Gata";"Cabo_de_Gata - A";4;"decr.P";1;"210";0.5;0.08;-22.4;-0.330455227543424;226;-0.368627286826339;18;0.70625242063653;-0.485507815781701
"Miranda_2009a.csv";"Miranda_2009";"Cabo_de_Gata";"Cabo_de_Gata - A";5;"decr.P";1;"210";0.5;0.08;-22.4;-0.330455227543424;226;-0.368627286826339;18;0.70625242063653;-1.01160091167848
"Miranda_2009a.csv";"Miranda_2009";"Cabo_de_Gata";"Cabo_de_Gata - A";3;"decr.P";3;"210";0.5;0.08;-22.4;-0.330455227543424;226;-0.368627286826339;18;0.70625242063653;0.534923175345051
"Miranda_2009a.csv";"Miranda_2009";"Cabo_de_Gata";"Cabo_de_Gata - A";1;"decr.P";2;"210";0.5;0.08;-22.4;-0.330455227543424;226;-0.368627286826339;18;0.70625242063653;0.515813165277029
"Miranda_2009a.csv";"Miranda_2009";"Cabo_de_Gata";"Cabo_de_Gata - A";1;"decr.P";3;"210";0.5;0.08;-22.4;-0.330455227543424;226;-0.368627286826339;18;0.70625242063653;0.397682967666109
"Miranda_2009a.csv";"Miranda_2009";"Cabo_de_Gata";"Cabo_de_Gata - A";2;"decr.P";3;"210";0.5;0.08;-22.4;-0.330455227543424;226;-0.368627286826339;18;0.70625242063653;-0.0723206615796261
"Miranda_2009a.csv";"Miranda_2009";"Cabo_de_Gata";"Cabo_de_Gata - A";4;"decr.P";2;"210";0.5;0.08;-22.4;-0.330455227543424;226;-0.368627286826339;18;0.70625242063653;0.165514438477574
"Miranda_2009a.csv";"Miranda_2009";"Cabo_de_Gata";"Cabo_de_Gata - A";5;"decr.P";2;"210";0.5;0.08;-22.4;-0.330455227543424;226;-0.368627286826339;18;0.70625242063653;-0.109199291964992
"Miranda_2009a.csv";"Miranda_2009";"Cabo_de_Gata";"Cabo_de_Gata - A";2;"decr.P";2;"210";0.5;0.08;-22.4;-0.330455227543424;226;-0.368627286826339;18;0.70625242063653;0.600056757493934
"Miranda_2009a.csv";"Miranda_2009";"Cabo_de_Gata";"Cabo_de_Gata - A";3;"decr.P";2;"210";0.5;0.08;-22.4;-0.330455227543424;226;-0.368627286826339;18;0.70625242063653;-0.381367556529104
"Miranda_2009a.csv";"Miranda_2009";"Cabo_de_Gata";"Cabo_de_Gata - A";4;"decr.P";3;"210";0.5;0.08;-22.4;-0.330455227543424;226;-0.368627286826339;18;0.70625242063653;0.892480083180437
"Miranda_2009a.csv";"Miranda_2009";"Cabo_de_Gata";"Cabo_de_Gata - A";5;"decr.P";3;"210";0.5;0.08;-22.4;-0.330455227543424;226;-0.368627286826339;18;0.70625242063653;0.315081046639895
"Miranda_2009b.csv";"Miranda_2009";"Cabo_de_Gata";"Cabo_de_Gata - A";1;"decr.P";1;"210";0.5;0.08;-44.8;-0.647540690919465;226;-0.368627286826339;18;0.70625242063653;-1.41528189799314
"Miranda_2009b.csv";"Miranda_2009";"Cabo_de_Gata";"Cabo_de_Gata - A";2;"decr.P";1;"210";0.5;0.08;-44.8;-0.647540690919465;226;-0.368627286826339;18;0.70625242063653;-0.940007258491471
"Miranda_2009b.csv";"Miranda_2009";"Cabo_de_Gata";"Cabo_de_Gata - A";3;"decr.P";1;"210";0.5;0.08;-44.8;-0.647540690919465;226;-0.368627286826339;18;0.70625242063653;0.129211731480006
"Miranda_2009b.csv";"Miranda_2009";"Cabo_de_Gata";"Cabo_de_Gata - A";4;"decr.P";1;"210";0.5;0.08;-44.8;-0.647540690919465;226;-0.368627286826339;18;0.70625242063653;-0.242561637171311
"Miranda_2009b.csv";"Miranda_2009";"Cabo_de_Gata";"Cabo_de_Gata - A";5;"decr.P";1;"210";0.5;0.08;-44.8;-0.647540690919465;226;-0.368627286826339;18;0.70625242063653;-0.634306680537012
"Miranda_2009b.csv";"Miranda_2009";"Cabo_de_Gata";"Cabo_de_Gata - A";3;"decr.P";3;"210";0.5;0.08;-44.8;-0.647540690919465;226;-0.368627286826339;18;0.70625242063653;-0.535518236356362
"Miranda_2009b.csv";"Miranda_2009";"Cabo_de_Gata";"Cabo_de_Gata - A";1;"decr.P";2;"210";0.5;0.08;-44.8;-0.647540690919465;226;-0.368627286826339;18;0.70625242063653;0.438254930931155
"Miranda_2009b.csv";"Miranda_2009";"Cabo_de_Gata";"Cabo_de_Gata - A";1;"decr.P";3;"210";0.5;0.08;-44.8;-0.647540690919465;226;-0.368627286826339;18;0.70625242063653;-0.716677677970139
"Miranda_2009b.csv";"Miranda_2009";"Cabo_de_Gata";"Cabo_de_Gata - A";2;"decr.P";3;"210";0.5;0.08;-44.8;-0.647540690919465;226;-0.368627286826339;18;0.70625242063653;-0.765467842139572
"Miranda_2009b.csv";"Miranda_2009";"Cabo_de_Gata";"Cabo_de_Gata - A";4;"decr.P";2;"210";0.5;0.08;-44.8;-0.647540690919465;226;-0.368627286826339;18;0.70625242063653;-0.174353387144778
"Miranda_2009b.csv";"Miranda_2009";"Cabo_de_Gata";"Cabo_de_Gata - A";5;"decr.P";2;"210";0.5;0.08;-44.8;-0.647540690919465;226;-0.368627286826339;18;0.70625242063653;-1.015920572823
"Miranda_2009b.csv";"Miranda_2009";"Cabo_de_Gata";"Cabo_de_Gata - A";2;"decr.P";2;"210";0.5;0.08;-44.8;-0.647540690919465;226;-0.368627286826339;18;0.70625242063653;-0.251314428280906
"Miranda_2009b.csv";"Miranda_2009";"Cabo_de_Gata";"Cabo_de_Gata - A";3;"decr.P";2;"210";0.5;0.08;-44.8;-0.647540690919465;226;-0.368627286826339;18;0.70625242063653;0.256719846847814
"Miranda_2009b.csv";"Miranda_2009";"Cabo_de_Gata";"Cabo_de_Gata - A";4;"decr.P";3;"210";0.5;0.08;-44.8;-0.647540690919465;226;-0.368627286826339;18;0.70625242063653;0.83034830207343
"Miranda_2009b.csv";"Miranda_2009";"Cabo_de_Gata";"Cabo_de_Gata - A";5;"decr.P";3;"210";0.5;0.08;-44.8;-0.647540690919465;226;-0.368627286826339;18;0.70625242063653;0.200670695462151
"Miranda_2009c.csv";"Miranda_2009";"El_Cautivo";"El_Cautivo - A";1;"decr.P";1;"210";0.5;0.08;-26.95652174;-0.394955531441232;320;-0.238735654641636;16;0.611198742414763;-0.0909717782057267
"Miranda_2009c.csv";"Miranda_2009";"El_Cautivo";"El_Cautivo - A";3;"decr.P";1;"210";0.5;0.08;-26.95652174;-0.394955531441232;320;-0.238735654641636;16;0.611198742414763;-2.11021320034659
"Miranda_2009c.csv";"Miranda_2009";"El_Cautivo";"El_Cautivo - A";5;"decr.P";1;"210";0.5;0.08;-26.95652174;-0.394955531441232;320;-0.238735654641636;16;0.611198742414763;-2.52572864430826
"Miranda_2009c.csv";"Miranda_2009";"El_Cautivo";"El_Cautivo - A";1;"decr.P";3;"210";0.5;0.08;-26.95652174;-0.394955531441232;320;-0.238735654641636;16;0.611198742414763;0.22314355131421
"Miranda_2009c.csv";"Miranda_2009";"El_Cautivo";"El_Cautivo - A";2;"decr.P";3;"210";0.5;0.08;-26.95652174;-0.394955531441232;320;-0.238735654641636;16;0.611198742414763;-1.74296930505862
"Miranda_2009c.csv";"Miranda_2009";"El_Cautivo";"El_Cautivo - A";3;"decr.P";3;"210";0.5;0.08;-26.95652174;-0.394955531441232;320;-0.238735654641636;16;0.611198742414763;-1.69773051957978
"Miranda_2009c.csv";"Miranda_2009";"El_Cautivo";"El_Cautivo - A";4;"decr.P";3;"210";0.5;0.08;-26.95652174;-0.394955531441232;320;-0.238735654641636;16;0.611198742414763;-0.157628944203583
"Miranda_2009c.csv";"Miranda_2009";"El_Cautivo";"El_Cautivo - A";1;"decr.P";2;"210";0.5;0.08;-26.95652174;-0.394955531441232;320;-0.238735654641636;16;0.611198742414763;1.34707364796661
"Miranda_2009c.csv";"Miranda_2009";"El_Cautivo";"El_Cautivo - A";2;"decr.P";2;"210";0.5;0.08;-26.95652174;-0.394955531441232;320;-0.238735654641636;16;0.611198742414763;0.315081046639895
"Miranda_2009c.csv";"Miranda_2009";"El_Cautivo";"El_Cautivo - A";3;"decr.P";2;"210";0.5;0.08;-26.95652174;-0.394955531441232;320;-0.238735654641636;16;0.611198742414763;-0.0645385211375711
"Miranda_2009c.csv";"Miranda_2009";"El_Cautivo";"El_Cautivo - A";4;"decr.P";2;"210";0.5;0.08;-26.95652174;-0.394955531441232;320;-0.238735654641636;16;0.611198742414763;0.550046336919272
"Miranda_2009c.csv";"Miranda_2009";"El_Cautivo";"El_Cautivo - A";5;"decr.P";2;"210";0.5;0.08;-26.95652174;-0.394955531441232;320;-0.238735654641636;16;0.611198742414763;-0.280301965154158
"Miranda_2009c.csv";"Miranda_2009";"El_Cautivo";"El_Cautivo - A";5;"decr.P";3;"210";0.5;0.08;-26.95652174;-0.394955531441232;320;-0.238735654641636;16;0.611198742414763;-0.693147180559945
"Miranda_2009d.csv";"Miranda_2009";"El_Cautivo";"El_Cautivo - A";2;"decr.P";2;"210";0.5;0.08;-51.30434783;-0.739613643849577;320;-0.238735654641636;16;0.611198742414763;-1.68639895357023
"Miranda_2009d.csv";"Miranda_2009";"El_Cautivo";"El_Cautivo - A";4;"decr.P";2;"210";0.5;0.08;-51.30434783;-0.739613643849577;320;-0.238735654641636;16;0.611198742414763;1.54044504094715
"Miranda_2009d.csv";"Miranda_2009";"El_Cautivo";"El_Cautivo - A";5;"decr.P";2;"210";0.5;0.08;-51.30434783;-0.739613643849577;320;-0.238735654641636;16;0.611198742414763;-0.810930216216329
"Miranda_2009d.csv";"Miranda_2009";"El_Cautivo";"El_Cautivo - A";1;"decr.P";2;"210";0.5;0.08;-51.30434783;-0.739613643849577;320;-0.238735654641636;16;0.611198742414763;-0.367724780125317
"Miranda_2009d.csv";"Miranda_2009";"El_Cautivo";"El_Cautivo - A";2;"decr.P";1;"210";0.5;0.08;-51.30434783;-0.739613643849577;320;-0.238735654641636;16;0.611198742414763;0.451985123743057
"Miranda_2009d.csv";"Miranda_2009";"El_Cautivo";"El_Cautivo - A";3;"decr.P";1;"210";0.5;0.08;-51.30434783;-0.739613643849577;320;-0.238735654641636;16;0.611198742414763;-2.80336038090653
"Miranda_2009d.csv";"Miranda_2009";"El_Cautivo";"El_Cautivo - A";4;"decr.P";1;"210";0.5;0.08;-51.30434783;-0.739613643849577;320;-0.238735654641636;16;0.611198742414763;-0.174353387144778
"Miranda_2009d.csv";"Miranda_2009";"El_Cautivo";"El_Cautivo - A";1;"decr.P";1;"210";0.5;0.08;-51.30434783;-0.739613643849577;320;-0.238735654641636;16;0.611198742414763;-0.832909122935104
"Miranda_2009e.csv";"Miranda_2009";"Tabernas_PSA";"Tabernas_PSA - A";1;"decr.P";1;"210";0.5;0.08;-28;-0.409726593387434;315;-0.245644784013163;16.1;0.615951426325852;-1.73460105538811
"Miranda_2009e.csv";"Miranda_2009";"Tabernas_PSA";"Tabernas_PSA - A";2;"decr.P";1;"210";0.5;0.08;-28;-0.409726593387434;315;-0.245644784013163;16.1;0.615951426325852;-1.04454506739783
"Miranda_2009e.csv";"Miranda_2009";"Tabernas_PSA";"Tabernas_PSA - A";3;"decr.P";2;"210";0.5;0.08;-28;-0.409726593387434;315;-0.245644784013163;16.1;0.615951426325852;2.30258509299405
"Miranda_2009e.csv";"Miranda_2009";"Tabernas_PSA";"Tabernas_PSA - A";4;"decr.P";2;"210";0.5;0.08;-28;-0.409726593387434;315;-0.245644784013163;16.1;0.615951426325852;1.90954250488444
"Miranda_2009e.csv";"Miranda_2009";"Tabernas_PSA";"Tabernas_PSA - A";1;"decr.P";2;"210";0.5;0.08;-28;-0.409726593387434;315;-0.245644784013163;16.1;0.615951426325852;-1.82074700610131
"Miranda_2009e.csv";"Miranda_2009";"Tabernas_PSA";"Tabernas_PSA - A";2;"decr.P";2;"210";0.5;0.08;-28;-0.409726593387434;315;-0.245644784013163;16.1;0.615951426325852;-0.287682072451781
"Miranda_2009e.csv";"Miranda_2009";"Tabernas_PSA";"Tabernas_PSA - A";4;"decr.P";1;"210";0.5;0.08;-28;-0.409726593387434;315;-0.245644784013163;16.1;0.615951426325852;-0.773189888233482
"Miranda_2009e.csv";"Miranda_2009";"Tabernas_PSA";"Tabernas_PSA - A";5;"decr.P";1;"210";0.5;0.08;-28;-0.409726593387434;315;-0.245644784013163;16.1;0.615951426325852;-0.839750654751821
"Miranda_2009e.csv";"Miranda_2009";"Tabernas_PSA";"Tabernas_PSA - A";5;"decr.P";2;"210";0.5;0.08;-28;-0.409726593387434;315;-0.245644784013163;16.1;0.615951426325852;-0.060624621816435
"Miranda_2009e.csv";"Miranda_2009";"Tabernas_PSA";"Tabernas_PSA - A";3;"decr.P";1;"210";0.5;0.08;-28;-0.409726593387434;315;-0.245644784013163;16.1;0.615951426325852;-0.287682072451781
"Miranda_2009e.csv";"Miranda_2009";"Tabernas_PSA";"Tabernas_PSA - A";1;"decr.P";3;"210";0.5;0.08;-28;-0.409726593387434;315;-0.245644784013163;16.1;0.615951426325852;-0.441832752279039
"Miranda_2009e.csv";"Miranda_2009";"Tabernas_PSA";"Tabernas_PSA - A";2;"decr.P";3;"210";0.5;0.08;-28;-0.409726593387434;315;-0.245644784013163;16.1;0.615951426325852;1.00330210886378
"Miranda_2009e.csv";"Miranda_2009";"Tabernas_PSA";"Tabernas_PSA - A";3;"decr.P";3;"210";0.5;0.08;-28;-0.409726593387434;315;-0.245644784013163;16.1;0.615951426325852;0.556287997842748
"Miranda_2009e.csv";"Miranda_2009";"Tabernas_PSA";"Tabernas_PSA - A";4;"decr.P";3;"210";0.5;0.08;-28;-0.409726593387434;315;-0.245644784013163;16.1;0.615951426325852;-0.0741079721537217
"Miranda_2009e.csv";"Miranda_2009";"Tabernas_PSA";"Tabernas_PSA - A";5;"decr.P";3;"210";0.5;0.08;-28;-0.409726593387434;315;-0.245644784013163;16.1;0.615951426325852;-0.467023001107597
"Miranda_2009f.csv";"Miranda_2009";"Tabernas_PSA";"Tabernas_PSA - A";1;"decr.P";1;"210";0.5;0.08;-56;-0.806083422607486;315;-0.245644784013163;16.1;0.615951426325852;-0.348306694268216
"Miranda_2009f.csv";"Miranda_2009";"Tabernas_PSA";"Tabernas_PSA - A";2;"decr.P";1;"210";0.5;0.08;-56;-0.806083422607486;315;-0.245644784013163;16.1;0.615951426325852;-3.98898404656427
"Miranda_2009f.csv";"Miranda_2009";"Tabernas_PSA";"Tabernas_PSA - A";3;"decr.P";2;"210";0.5;0.08;-56;-0.806083422607486;315;-0.245644784013163;16.1;0.615951426325852;1.73460105538811
"Miranda_2009f.csv";"Miranda_2009";"Tabernas_PSA";"Tabernas_PSA - A";4;"decr.P";2;"210";0.5;0.08;-56;-0.806083422607486;315;-0.245644784013163;16.1;0.615951426325852;0.810930216216329
"Miranda_2009f.csv";"Miranda_2009";"Tabernas_PSA";"Tabernas_PSA - A";1;"decr.P";2;"210";0.5;0.08;-56;-0.806083422607486;315;-0.245644784013163;16.1;0.615951426325852;-3.55534806148941
"Miranda_2009f.csv";"Miranda_2009";"Tabernas_PSA";"Tabernas_PSA - A";2;"decr.P";2;"210";0.5;0.08;-56;-0.806083422607486;315;-0.245644784013163;16.1;0.615951426325852;1.07755887947028
"Miranda_2009f.csv";"Miranda_2009";"Tabernas_PSA";"Tabernas_PSA - A";4;"decr.P";1;"210";0.5;0.08;-56;-0.806083422607486;315;-0.245644784013163;16.1;0.615951426325852;-0.485507815781701
"Miranda_2009f.csv";"Miranda_2009";"Tabernas_PSA";"Tabernas_PSA - A";5;"decr.P";1;"210";0.5;0.08;-56;-0.806083422607486;315;-0.245644784013163;16.1;0.615951426325852;-1.07613943281605
"Miranda_2009f.csv";"Miranda_2009";"Tabernas_PSA";"Tabernas_PSA - A";5;"decr.P";2;"210";0.5;0.08;-56;-0.806083422607486;315;-0.245644784013163;16.1;0.615951426325852;-0.435318071257845
"Miranda_2009f.csv";"Miranda_2009";"Tabernas_PSA";"Tabernas_PSA - A";3;"decr.P";1;"210";0.5;0.08;-56;-0.806083422607486;315;-0.245644784013163;16.1;0.615951426325852;0.51082562376599
"Miranda_2009f.csv";"Miranda_2009";"Tabernas_PSA";"Tabernas_PSA - A";1;"decr.P";3;"210";0.5;0.08;-56;-0.806083422607486;315;-0.245644784013163;16.1;0.615951426325852;0.194156014440958
"Miranda_2009f.csv";"Miranda_2009";"Tabernas_PSA";"Tabernas_PSA - A";2;"decr.P";3;"210";0.5;0.08;-56;-0.806083422607486;315;-0.245644784013163;16.1;0.615951426325852;-1.70474809223843
"Miranda_2009f.csv";"Miranda_2009";"Tabernas_PSA";"Tabernas_PSA - A";3;"decr.P";3;"210";0.5;0.08;-56;-0.806083422607486;315;-0.245644784013163;16.1;0.615951426325852;-2.15176220325946
"Miranda_2009f.csv";"Miranda_2009";"Tabernas_PSA";"Tabernas_PSA - A";4;"decr.P";3;"210";0.5;0.08;-56;-0.806083422607486;315;-0.245644784013163;16.1;0.615951426325852;0.405465108108165
"Miranda_2009f.csv";"Miranda_2009";"Tabernas_PSA";"Tabernas_PSA - A";5;"decr.P";3;"210";0.5;0.08;-56;-0.806083422607486;315;-0.245644784013163;16.1;0.615951426325852;-0.770705414905819
"Mueller_2016a.csv";"Mueller_2016";"Cheyenne";"Cheyenne - A";1;"incr.P";1;"2555";7;1.5;30.22670025;0.414507345435295;366;-0.17517166442359;7;0.18345719041681;0.30707232811833
"Mueller_2016a.csv";"Mueller_2016";"Cheyenne";"Cheyenne - A";2;"incr.P";1;"2555";7;1.5;30.22670025;0.414507345435295;366;-0.17517166442359;7;0.18345719041681;-0.170855345284973
"Mueller_2016a.csv";"Mueller_2016";"Cheyenne";"Cheyenne - B";3;"incr.P";1;"2555";7;1.5;30.22670025;0.414507345435295;366;-0.17517166442359;7;0.18345719041681;0.224812582033162
"Mueller_2016a.csv";"Mueller_2016";"Cheyenne";"Cheyenne - B";4;"incr.P";1;"2555";7;1.5;30.22670025;0.414507345435295;366;-0.17517166442359;7;0.18345719041681;0.233661730271865
"Mueller_2016a.csv";"Mueller_2016";"Cheyenne";"Cheyenne - B";5;"incr.P";1;"2555";7;1.5;30.22670025;0.414507345435295;366;-0.17517166442359;7;0.18345719041681;0.092909707792292
"Prevey_2014a.csv";"Prevey_2014";"Boulder";"Boulder - A";1;"incr.P";1;"1095";3;4;25.67647059;0.350096109711701;420;-0.100553067211101;8.3;0.245242081260959;-0.302280871725619
"Prevey_2014a.csv";"Prevey_2014";"Boulder";"Boulder - B";2;"incr.P";1;"1095";3;4;25.67647059;0.350096109711701;420;-0.100553067211101;8.3;0.245242081260959;-0.139761942336029
"Prevey_2014a.csv";"Prevey_2014";"Boulder";"Boulder - C";3;"incr.P";1;"1095";3;4;25.67647059;0.350096109711701;420;-0.100553067211101;8.3;0.245242081260959;-1.60943791263981
"Prevey_2014a.csv";"Prevey_2014";"Boulder";"Boulder - D";4;"incr.P";1;"1095";3;4;25.67647059;0.350096109711701;420;-0.100553067211101;8.3;0.245242081260959;-0.788457361149725
"Prevey_2014a.csv";"Prevey_2014";"Boulder";"Boulder - E";5;"incr.P";1;"1095";3;4;25.67647059;0.350096109711701;420;-0.100553067211101;8.3;0.245242081260959;0.489548225263698
"Prevey_2014a.csv";"Prevey_2014";"Boulder";"Boulder - F";6;"incr.P";1;"1095";3;4;25.67647059;0.350096109711701;420;-0.100553067211101;8.3;0.245242081260959;-0.611801541151755
"Prevey_2014a.csv";"Prevey_2014";"Boulder";"Boulder - G";7;"incr.P";1;"1095";3;4;25.67647059;0.350096109711701;420;-0.100553067211101;8.3;0.245242081260959;-2.83321334320916
"Prevey_2014a.csv";"Prevey_2014";"Boulder";"Boulder - H";8;"incr.P";1;"1095";3;4;25.67647059;0.350096109711701;420;-0.100553067211101;8.3;0.245242081260959;1.48160454170967
"Prevey_2014a.csv";"Prevey_2014";"Boulder";"Boulder - I";9;"incr.P";1;"1095";3;4;25.67647059;0.350096109711701;420;-0.100553067211101;8.3;0.245242081260959;0.182321556473954
"Prevey_2014a.csv";"Prevey_2014";"Boulder";"Boulder - J";10;"incr.P";1;"1095";3;4;25.67647059;0.350096109711701;420;-0.100553067211101;8.3;0.245242081260959;0.405465108108165
"Prevey_2014b.csv";"Prevey_2014";"Boulder";"Boulder - A";1;"decr.P";2;"1095";3;4;-3.838630807;-0.0677078904248439;420;-0.100553067211101;8.3;0.245242081260959;-0.737453499180202
"Prevey_2014b.csv";"Prevey_2014";"Boulder";"Boulder - B";2;"decr.P";2;"1095";3;4;-3.838630807;-0.0677078904248439;420;-0.100553067211101;8.3;0.245242081260959;-0.532804530345636
"Prevey_2014b.csv";"Prevey_2014";"Boulder";"Boulder - C";3;"decr.P";2;"1095";3;4;-3.838630807;-0.0677078904248439;420;-0.100553067211101;8.3;0.245242081260959;-0.664976303570392
"Prevey_2014b.csv";"Prevey_2014";"Boulder";"Boulder - D";4;"decr.P";2;"1095";3;4;-3.838630807;-0.0677078904248439;420;-0.100553067211101;8.3;0.245242081260959;-0.200670695607605
"Prevey_2014b.csv";"Prevey_2014";"Boulder";"Boulder - E";5;"decr.P";2;"1095";3;4;-3.838630807;-0.0677078904248439;420;-0.100553067211101;8.3;0.245242081260959;-0.459632334420879
"Prevey_2014b.csv";"Prevey_2014";"Boulder";"Boulder - F";6;"decr.P";2;"1095";3;4;-3.838630807;-0.0677078904248439;420;-0.100553067211101;8.3;0.245242081260959;-2.4687397363048
"Prevey_2014b.csv";"Prevey_2014";"Boulder";"Boulder - G";7;"decr.P";2;"1095";3;4;-3.838630807;-0.0677078904248439;420;-0.100553067211101;8.3;0.245242081260959;-1.22441563646248
"Prevey_2014b.csv";"Prevey_2014";"Boulder";"Boulder - H";8;"decr.P";2;"1095";3;4;-3.838630807;-0.0677078904248439;420;-0.100553067211101;8.3;0.245242081260959;1.82465251317008
"Prevey_2014b.csv";"Prevey_2014";"Boulder";"Boulder - I";9;"decr.P";2;"1095";3;4;-3.838630807;-0.0677078904248439;420;-0.100553067211101;8.3;0.245242081260959;-1.60863823258354
"Prevey_2014b.csv";"Prevey_2014";"Boulder";"Boulder - J";10;"decr.P";2;"1095";3;4;-3.838630807;-0.0677078904248439;420;-0.100553067211101;8.3;0.245242081260959;-1.89632030479532
"Prevey_2014c.csv";"Prevey_2014";"Boulder";"Boulder - A";1;"incr.P";3;"1095";3;4;40.41564792;0.55873802370566;420;-0.100553067211101;8.3;0.245242081260959;0.330241686978185
"Prevey_2014c.csv";"Prevey_2014";"Boulder";"Boulder - B";2;"incr.P";3;"1095";3;4;40.41564792;0.55873802370566;420;-0.100553067211101;8.3;0.245242081260959;-0.362905493425238
"Prevey_2014c.csv";"Prevey_2014";"Boulder";"Boulder - C";3;"incr.P";3;"1095";3;4;40.41564792;0.55873802370566;420;-0.100553067211101;8.3;0.245242081260959;-0.610909082258011
"Prevey_2014c.csv";"Prevey_2014";"Boulder";"Boulder - D";4;"incr.P";3;"1095";3;4;40.41564792;0.55873802370566;420;-0.100553067211101;8.3;0.245242081260959;0.435318071065332
"Prevey_2014c.csv";"Prevey_2014";"Boulder";"Boulder - E";5;"incr.P";3;"1095";3;4;40.41564792;0.55873802370566;420;-0.100553067211101;8.3;0.245242081260959;0.387765531123801
"Prevey_2014c.csv";"Prevey_2014";"Boulder";"Boulder - F";6;"incr.P";3;"1095";3;4;40.41564792;0.55873802370566;420;-0.100553067211101;8.3;0.245242081260959;0.0495969412968353
"Prevey_2014c.csv";"Prevey_2014";"Boulder";"Boulder - G";7;"incr.P";3;"1095";3;4;40.41564792;0.55873802370566;420;-0.100553067211101;8.3;0.245242081260959;-1.0414538748211
"Prevey_2014c.csv";"Prevey_2014";"Boulder";"Boulder - H";8;"incr.P";3;"1095";3;4;40.41564792;0.55873802370566;420;-0.100553067211101;8.3;0.245242081260959;2.61006979333495
"Prevey_2014c.csv";"Prevey_2014";"Boulder";"Boulder - I";9;"incr.P";3;"1095";3;4;40.41564792;0.55873802370566;420;-0.100553067211101;8.3;0.245242081260959;1.35239280905524
"Prevey_2014c.csv";"Prevey_2014";"Boulder";"Boulder - J";10;"incr.P";3;"1095";3;4;40.41564792;0.55873802370566;420;-0.100553067211101;8.3;0.245242081260959;0.896088024395003
"Prevey_2014d.csv";"Prevey_2014";"Boulder";"Boulder - A";1;"incr.P";4;"1095";3;4;3.325183374;0.0337002050716848;420;-0.100553067211101;8.3;0.245242081260959;0.390866308622562
"Prevey_2014d.csv";"Prevey_2014";"Boulder";"Boulder - B";2;"incr.P";4;"1095";3;4;3.325183374;0.0337002050716848;420;-0.100553067211101;8.3;0.245242081260959;0.590199211639404
"Prevey_2014d.csv";"Prevey_2014";"Boulder";"Boulder - C";3;"incr.P";4;"1095";3;4;3.325183374;0.0337002050716848;420;-0.100553067211101;8.3;0.245242081260959;0.251314428143763
"Prevey_2014d.csv";"Prevey_2014";"Boulder";"Boulder - D";4;"incr.P";4;"1095";3;4;3.325183374;0.0337002050716848;420;-0.100553067211101;8.3;0.245242081260959;0.167054084763866
"Prevey_2014d.csv";"Prevey_2014";"Boulder";"Boulder - E";5;"incr.P";4;"1095";3;4;3.325183374;0.0337002050716848;420;-0.100553067211101;8.3;0.245242081260959;0.505548566623042
"Prevey_2014d.csv";"Prevey_2014";"Boulder";"Boulder - F";6;"incr.P";4;"1095";3;4;3.325183374;0.0337002050716848;420;-0.100553067211101;8.3;0.245242081260959;0.156569060710995
"Prevey_2014d.csv";"Prevey_2014";"Boulder";"Boulder - G";7;"incr.P";4;"1095";3;4;3.325183374;0.0337002050716848;420;-0.100553067211101;8.3;0.245242081260959;-0.887303194976701
"Prevey_2014d.csv";"Prevey_2014";"Boulder";"Boulder - H";8;"incr.P";4;"1095";3;4;3.325183374;0.0337002050716848;420;-0.100553067211101;8.3;0.245242081260959;2.32238772102434
"Prevey_2014d.csv";"Prevey_2014";"Boulder";"Boulder - I";9;"incr.P";4;"1095";3;4;3.325183374;0.0337002050716848;420;-0.100553067211101;8.3;0.245242081260959;1.05314991423414
"Prevey_2014d.csv";"Prevey_2014";"Boulder";"Boulder - J";10;"incr.P";4;"1095";3;4;3.325183374;0.0337002050716848;420;-0.100553067211101;8.3;0.245242081260959;1.1939224684288
"Wilcox_2015a.csv";"Wilcox_2015";"CPER";"CPER - A";1;"incr.P";1;"730";2;1;19.64912281;0.264775379187154;377;-0.159971579806231;5;0.0884035121950429;0.265107750413241
"Wilcox_2015a.csv";"Wilcox_2015";"CPER";"CPER - A";1;"incr.P";2;"730";2;1;19.64912281;0.264775379187154;377;-0.159971579806231;5;0.0884035121950429;-0.0180185055026785
"Wilcox_2015a.csv";"Wilcox_2015";"CPER";"CPER - B";2;"incr.P";1;"730";2;1;19.64912281;0.264775379187154;377;-0.159971579806231;5;0.0884035121950429;-0.174941449496332
"Wilcox_2015a.csv";"Wilcox_2015";"CPER";"CPER - B";2;"incr.P";2;"730";2;1;19.64912281;0.264775379187154;377;-0.159971579806231;5;0.0884035121950429;-0.316911710766719
"Wilcox_2015a.csv";"Wilcox_2015";"CPER";"CPER - C";3;"incr.P";2;"730";2;1;19.64912281;0.264775379187154;377;-0.159971579806231;5;0.0884035121950429;0.22314355131421
"Wilcox_2015a.csv";"Wilcox_2015";"CPER";"CPER - C";3;"incr.P";1;"730";2;1;19.64912281;0.264775379187154;377;-0.159971579806231;5;0.0884035121950429;0.58525821854876
"Wilcox_2015a.csv";"Wilcox_2015";"CPER";"CPER - D";4;"incr.P";2;"730";2;1;19.64912281;0.264775379187154;377;-0.159971579806231;5;0.0884035121950429;0.458307589482545
"Wilcox_2015a.csv";"Wilcox_2015";"CPER";"CPER - D";4;"incr.P";1;"730";2;1;19.64912281;0.264775379187154;377;-0.159971579806231;5;0.0884035121950429;0.472906388903697
"Wilcox_2015a.csv";"Wilcox_2015";"CPER";"CPER - E";5;"incr.P";1;"730";2;1;19.64912281;0.264775379187154;377;-0.159971579806231;5;0.0884035121950429;0.321583624127462
"Wilcox_2015a.csv";"Wilcox_2015";"CPER";"CPER - E";5;"incr.P";2;"730";2;1;19.64912281;0.264775379187154;377;-0.159971579806231;5;0.0884035121950429;0.33400614412602
"Wilcox_2015a.csv";"Wilcox_2015";"CPER";"CPER - F";6;"incr.P";1;"730";2;1;19.64912281;0.264775379187154;377;-0.159971579806231;5;0.0884035121950429;0.0923733201310153
"Wilcox_2015a.csv";"Wilcox_2015";"CPER";"CPER - F";6;"incr.P";2;"730";2;1;19.64912281;0.264775379187154;377;-0.159971579806231;5;0.0884035121950429;0.176930708159079
"Wilcox_2015a.csv";"Wilcox_2015";"CPER";"CPER - G";7;"incr.P";2;"730";2;1;19.64912281;0.264775379187154;377;-0.159971579806231;5;0.0884035121950429;0.049596941139372
"Wilcox_2015a.csv";"Wilcox_2015";"CPER";"CPER - G";7;"incr.P";1;"730";2;1;19.64912281;0.264775379187154;377;-0.159971579806231;5;0.0884035121950429;0.0968498259899171
"Wilcox_2015a.csv";"Wilcox_2015";"CPER";"CPER - H";8;"incr.P";2;"730";2;1;19.64912281;0.264775379187154;377;-0.159971579806231;5;0.0884035121950429;0
"Wilcox_2015a.csv";"Wilcox_2015";"CPER";"CPER - H";8;"incr.P";1;"730";2;1;19.64912281;0.264775379187154;377;-0.159971579806231;5;0.0884035121950429;0.220061884776802
"Wilcox_2015a.csv";"Wilcox_2015";"CPER";"CPER - I";9;"incr.P";1;"730";2;1;19.64912281;0.264775379187154;377;-0.159971579806231;5;0.0884035121950429;0.342286206486633
"Wilcox_2015a.csv";"Wilcox_2015";"CPER";"CPER - I";9;"incr.P";2;"730";2;1;19.64912281;0.264775379187154;377;-0.159971579806231;5;0.0884035121950429;0.297834443915799
"Wilcox_2015a.csv";"Wilcox_2015";"CPER";"CPER - J";10;"incr.P";1;"730";2;1;19.64912281;0.264775379187154;377;-0.159971579806231;5;0.0884035121950429;0.165985137474261
"Wilcox_2015a.csv";"Wilcox_2015";"CPER";"CPER - J";10;"incr.P";2;"730";2;1;19.64912281;0.264775379187154;377;-0.159971579806231;5;0.0884035121950429;0.117783035656384
"Wilcox_2015b.csv";"Wilcox_2015";"KPBS";"KPBS - A";1;"incr.P";1;"730";2;1;14.18562874;0.187436336828305;318;-0.241499306390247;7.2;0.192962558238987;0.413187154202075
"Wilcox_2015b.csv";"Wilcox_2015";"KPBS";"KPBS - A";1;"incr.P";2;"730";2;1;14.18562874;0.187436336828305;318;-0.241499306390247;7.2;0.192962558238987;0.373966441048794
"Wilcox_2015b.csv";"Wilcox_2015";"KPBS";"KPBS - B";2;"incr.P";1;"730";2;1;14.18562874;0.187436336828305;318;-0.241499306390247;7.2;0.192962558238987;0.0806889112501423
"Wilcox_2015b.csv";"Wilcox_2015";"KPBS";"KPBS - B";2;"incr.P";2;"730";2;1;14.18562874;0.187436336828305;318;-0.241499306390247;7.2;0.192962558238987;0.0729067708080873
"Wilcox_2015b.csv";"Wilcox_2015";"KPBS";"KPBS - C";3;"incr.P";2;"730";2;1;14.18562874;0.187436336828305;318;-0.241499306390247;7.2;0.192962558238987;0.119664503756089
"Wilcox_2015b.csv";"Wilcox_2015";"KPBS";"KPBS - C";3;"incr.P";1;"730";2;1;14.18562874;0.187436336828305;318;-0.241499306390247;7.2;0.192962558238987;0.0813456394539518
"Wilcox_2015b.csv";"Wilcox_2015";"KPBS";"KPBS - D";4;"incr.P";2;"730";2;1;14.18562874;0.187436336828305;318;-0.241499306390247;7.2;0.192962558238987;0.0411580724935074
"Wilcox_2015b.csv";"Wilcox_2015";"KPBS";"KPBS - D";4;"incr.P";1;"730";2;1;14.18562874;0.187436336828305;318;-0.241499306390247;7.2;0.192962558238987;0.148130192045675
"Wilcox_2015b.csv";"Wilcox_2015";"KPBS";"KPBS - E";5;"incr.P";1;"730";2;1;14.18562874;0.187436336828305;318;-0.241499306390247;7.2;0.192962558238987;0.00881062968215485
"Wilcox_2015b.csv";"Wilcox_2015";"KPBS";"KPBS - E";5;"incr.P";2;"730";2;1;14.18562874;0.187436336828305;318;-0.241499306390247;7.2;0.192962558238987;0.221372071665828
"Wilcox_2015b.csv";"Wilcox_2015";"KPBS";"KPBS - F";6;"incr.P";1;"730";2;1;14.18562874;0.187436336828305;318;-0.241499306390247;7.2;0.192962558238987;0.158605030176639
"Wilcox_2015b.csv";"Wilcox_2015";"KPBS";"KPBS - F";6;"incr.P";2;"730";2;1;14.18562874;0.187436336828305;318;-0.241499306390247;7.2;0.192962558238987;0.0307716586667537
"Wilcox_2015b.csv";"Wilcox_2015";"KPBS";"KPBS - G";7;"incr.P";2;"730";2;1;14.18562874;0.187436336828305;318;-0.241499306390247;7.2;0.192962558238987;0.16003651200452
"Wilcox_2015b.csv";"Wilcox_2015";"KPBS";"KPBS - G";7;"incr.P";1;"730";2;1;14.18562874;0.187436336828305;318;-0.241499306390247;7.2;0.192962558238987;0.116864340139311
"Wilcox_2015b.csv";"Wilcox_2015";"KPBS";"KPBS - H";8;"incr.P";2;"730";2;1;14.18562874;0.187436336828305;318;-0.241499306390247;7.2;0.192962558238987;0.262364264467491
"Wilcox_2015b.csv";"Wilcox_2015";"KPBS";"KPBS - H";8;"incr.P";1;"730";2;1;14.18562874;0.187436336828305;318;-0.241499306390247;7.2;0.192962558238987;0.0877055804191054
"Wilcox_2015b.csv";"Wilcox_2015";"KPBS";"KPBS - I";9;"incr.P";1;"730";2;1;14.18562874;0.187436336828305;318;-0.241499306390247;7.2;0.192962558238987;-0.0165293019512109
"Wilcox_2015b.csv";"Wilcox_2015";"KPBS";"KPBS - I";9;"incr.P";2;"730";2;1;14.18562874;0.187436336828305;318;-0.241499306390247;7.2;0.192962558238987;0.0401660417253344
"Wilcox_2015b.csv";"Wilcox_2015";"KPBS";"KPBS - J";10;"incr.P";1;"730";2;1;14.18562874;0.187436336828305;318;-0.241499306390247;7.2;0.192962558238987;-0.14256306465487
"Wilcox_2015b.csv";"Wilcox_2015";"KPBS";"KPBS - J";10;"incr.P";2;"730";2;1;14.18562874;0.187436336828305;318;-0.241499306390247;7.2;0.192962558238987;-0.14256306465487
"Wilcox_2015c.csv";"Wilcox_2015";"FK";"FK - A";1;"incr.P";1;"730";2;1;20.07788162;0.270844717845431;828;0.463231889505481;12.5;0.44485480552667;0.498991166118988
"Wilcox_2015c.csv";"Wilcox_2015";"FK";"FK - A";1;"incr.P";2;"730";2;1;20.07788162;0.270844717845431;828;0.463231889505481;12.5;0.44485480552667;0.27286698666664
"Wilcox_2015c.csv";"Wilcox_2015";"FK";"FK - B";2;"incr.P";1;"730";2;1;20.07788162;0.270844717845431;828;0.463231889505481;12.5;0.44485480552667;0.133531392624523
"Wilcox_2015c.csv";"Wilcox_2015";"FK";"FK - B";2;"incr.P";2;"730";2;1;20.07788162;0.270844717845431;828;0.463231889505481;12.5;0.44485480552667;0.241162056816888
"Wilcox_2015c.csv";"Wilcox_2015";"FK";"FK - C";3;"incr.P";2;"730";2;1;20.07788162;0.270844717845431;828;0.463231889505481;12.5;0.44485480552667;-0.23572233352107
"Wilcox_2015c.csv";"Wilcox_2015";"FK";"FK - C";3;"incr.P";1;"730";2;1;20.07788162;0.270844717845431;828;0.463231889505481;12.5;0.44485480552667;-0.210721031315653
"Wilcox_2015c.csv";"Wilcox_2015";"FK";"FK - D";4;"incr.P";2;"730";2;1;20.07788162;0.270844717845431;828;0.463231889505481;12.5;0.44485480552667;-0.0125787822068597
"Wilcox_2015c.csv";"Wilcox_2015";"FK";"FK - D";4;"incr.P";1;"730";2;1;20.07788162;0.270844717845431;828;0.463231889505481;12.5;0.44485480552667;0.0368139731227171
"Wilcox_2015c.csv";"Wilcox_2015";"FK";"FK - E";5;"incr.P";1;"730";2;1;20.07788162;0.270844717845431;828;0.463231889505481;12.5;0.44485480552667;-0.0303053494953289
"Wilcox_2015c.csv";"Wilcox_2015";"FK";"FK - E";5;"incr.P";2;"730";2;1;20.07788162;0.270844717845431;828;0.463231889505481;12.5;0.44485480552667;0.226124179452348
"Wilcox_2015c.csv";"Wilcox_2015";"FK";"FK - F";6;"incr.P";1;"730";2;1;20.07788162;0.270844717845431;828;0.463231889505481;12.5;0.44485480552667;-0.0431721718652085
"Wilcox_2015c.csv";"Wilcox_2015";"FK";"FK - F";6;"incr.P";2;"730";2;1;20.07788162;0.270844717845431;828;0.463231889505481;12.5;0.44485480552667;0.41014895742059
"Wilcox_2015c.csv";"Wilcox_2015";"FK";"FK - G";7;"incr.P";2;"730";2;1;20.07788162;0.270844717845431;828;0.463231889505481;12.5;0.44485480552667;-0.180381691976129
"Wilcox_2015c.csv";"Wilcox_2015";"FK";"FK - G";7;"incr.P";1;"730";2;1;20.07788162;0.270844717845431;828;0.463231889505481;12.5;0.44485480552667;-0.475845904869964
"Wilcox_2015c.csv";"Wilcox_2015";"FK";"FK - H";8;"incr.P";2;"730";2;1;20.07788162;0.270844717845431;828;0.463231889505481;12.5;0.44485480552667;0.162518929497774
"Wilcox_2015c.csv";"Wilcox_2015";"FK";"FK - H";8;"incr.P";1;"730";2;1;20.07788162;0.270844717845431;828;0.463231889505481;12.5;0.44485480552667;0.2578291093021
"Wilcox_2015c.csv";"Wilcox_2015";"FK";"FK - I";9;"incr.P";1;"730";2;1;20.07788162;0.270844717845431;828;0.463231889505481;12.5;0.44485480552667;0.0979804083602032
"Wilcox_2015c.csv";"Wilcox_2015";"FK";"FK - I";9;"incr.P";2;"730";2;1;20.07788162;0.270844717845431;828;0.463231889505481;12.5;0.44485480552667;0.174941449496332
"Wilcox_2015c.csv";"Wilcox_2015";"FK";"FK - J";10;"incr.P";1;"730";2;1;20.07788162;0.270844717845431;828;0.463231889505481;12.5;0.44485480552667;0.0612436252407189
"Wilcox_2015c.csv";"Wilcox_2015";"FK";"FK - J";10;"incr.P";2;"730";2;1;20.07788162;0.270844717845431;828;0.463231889505481;12.5;0.44485480552667;0.266404674004496
"Yang_2011.csv";"Yang_2011";"Duolun.County";"Duolun.County - A";1;"incr.P";1;"1460";4;1;31.33;0.430125216527769;390;-0.142007843440262;1.6;-0.0731877407819615;0.156982243664558
"Yang_2011.csv";"Yang_2011";"Duolun.County";"Duolun.County - A";2;"incr.P";1;"1460";4;1;31.33;0.430125216527769;390;-0.142007843440262;1.6;-0.0731877407819615;0.31502182703582
"Yang_2011.csv";"Yang_2011";"Duolun.County";"Duolun.County - A";3;"incr.P";1;"1460";4;1;31.33;0.430125216527769;390;-0.142007843440262;1.6;-0.0731877407819615;0.297103569851121
"Yang_2011.csv";"Yang_2011";"Duolun.County";"Duolun.County - A";4;"incr.P";1;"1460";4;1;31.33;0.430125216527769;390;-0.142007843440262;1.6;-0.0731877407819615;0.380395008819716
"Yang_2011.csv";"Yang_2011";"Duolun.County";"Duolun.County - A";5;"incr.P";1;"1460";4;1;31.33;0.430125216527769;390;-0.142007843440262;1.6;-0.0731877407819615;0.403175322093067
"Yang_2011.csv";"Yang_2011";"Duolun.County";"Duolun.County - A";6;"incr.P";1;"1460";4;1;31.33;0.430125216527769;390;-0.142007843440262;1.6;-0.0731877407819615;0.854455196060417
