"ID.x";"study";"site";"SiteBlock";"replicate";"treatment.direction";"treatment.level";"treat.duration.m";"treat.duration.y";"plot.size.m";"delta.P.year";"delta.P1_rescale";"MAP_bioclim";"MAP_rescale";"MAT_bioclim";"MAT_rescale";"LRR_S";"LRR_SPie";"LRR_betaS";"LRR_betaSPie"
"1";"Alon_2019.csv";"Alon_2019";"Matta.LTER";"Matta.LTER - A";1;"decr.P";1;"365";1;0.04;-66;-0.947639433043219;475;-0.0245526441243072;18;0.70625242063653;-0.287682072451781;-0.581027225445367;0.0935260580108234;0.614842661481621
"2";"Alon_2019.csv";"Alon_2019";"Matta.LTER";"Matta.LTER - B";2;"decr.P";1;"365";1;0.04;-66;-0.947639433043219;475;-0.0245526441243072;18;0.70625242063653;-0.367724780125318;0.202883078458514;0.17356876568436;-0.169067642422261
"3";"Alon_2019.csv";"Alon_2019";"Matta.LTER";"Matta.LTER - C";3;"decr.P";1;"365";1;0.04;-66;-0.947639433043219;475;-0.0245526441243072;18;0.70625242063653;0.133531392624523;0.00970929501022155;-0.32768740706548;0.0241061410260326
"4";"Alon_2019.csv";"Alon_2019";"Matta.LTER";"Matta.LTER - D";4;"decr.P";1;"365";1;0.04;-66;-0.947639433043219;475;-0.0245526441243072;18;0.70625242063653;-0.693147180559945;-0.676684205108321;0.498991166118988;0.710499641144575
"5";"Alon_2019.csv";"Alon_2019";"Matta.LTER";"Matta.LTER - E";5;"decr.P";1;"365";1;0.04;-66;-0.947639433043219;475;-0.0245526441243072;18;0.70625242063653;0;0.0208518641308664;-0.194156014440957;0.0129635719053871
"6";"Baez_2013a.csv";"Baez_2013";"C";"C - A";1;"decr.P";1;"1095";3;1;-40;-0.579593805910314;226;-0.368627286826339;13;0.468618225082112;0.287682072451781;-0.130857701643898;-0.328504066972036;0.137072444062772
"7";"Baez_2013a.csv";"Baez_2013";"C";"C - A";2;"decr.P";1;"1095";3;1;-40;-0.579593805910314;226;-0.368627286826339;13;0.468618225082112;-0.379489621704904;-0.811493663639438;0.338667627184649;0.817708406058311
"8";"Baez_2013a.csv";"Baez_2013";"C";"C - A";3;"decr.P";1;"1095";3;1;-40;-0.579593805910314;226;-0.368627286826339;13;0.468618225082112;-0.111225635110224;-0.223875024776236;0.0704036405899692;0.230089767195109
"9";"Baez_2013b.csv";"Baez_2013";"C";"C - A";1;"incr.P";1;"1095";3;1;55.6;0.773681653855293;226;-0.368627286826339;13;0.468618225082112;0.287682072451781;0.0435584175343637;-0.2484613592985;-0.0504188620010113
"10";"Baez_2013b.csv";"Baez_2013";"C";"C - A";2;"incr.P";1;"1095";3;1;55.6;0.773681653855293;226;-0.368627286826339;13;0.468618225082112;0.100083458556983;0.483034597022258;-0.0608627454037013;-0.489895041488905
"11";"Baez_2013b.csv";"Baez_2013";"C";"C - A";3;"incr.P";1;"1095";3;1;55.6;0.773681653855293;226;-0.368627286826339;13;0.468618225082112;0.146603474191876;0.525139823637222;-0.107382761038594;-0.532000268103871
"12";"Baez_2013c.csv";"Baez_2013";"G";"G - A";1;"decr.P";1;"1095";3;1;-40;-0.579593805910314;226;-0.368627286826339;13;0.468618225082112;-0.619039208406224;-0.725123037834973;0.149035579160488;0.836250487199318
"13";"Baez_2013c.csv";"Baez_2013";"G";"G - A";2;"decr.P";1;"1095";3;1;-40;-0.579593805910314;226;-0.368627286826339;13;0.468618225082112;-0.916290731874155;-0.862452992383828;0.446287102628419;0.973580441748173
"14";"Baez_2013c.csv";"Baez_2013";"G";"G - A";3;"decr.P";1;"1095";3;1;-40;-0.579593805910314;226;-0.368627286826339;13;0.468618225082112;-0.379489621704904;-0.510204766940386;-0.0905140075408319;0.621332216304733
"15";"Baez_2013d.csv";"Baez_2013";"G";"G - A";1;"incr.P";1;"1095";3;1;55.6;0.773681653855293;226;-0.368627286826339;13;0.468618225082112;0.613104472886409;1.45998356501351;-0.325422400434628;-1.5128242329511
"16";"Baez_2013d.csv";"Baez_2013";"G";"G - A";2;"incr.P";1;"1095";3;1;55.6;0.773681653855293;226;-0.368627286826339;13;0.468618225082112;0.382992252256106;1.44163495341501;-0.0953101798043249;-1.4944756213526
"17";"Baez_2013d.csv";"Baez_2013";"G";"G - A";3;"incr.P";1;"1095";3;1;55.6;0.773681653855293;226;-0.368627286826339;13;0.468618225082112;-0.0540672212702757;1.00287656654103;0.341749293722057;-1.05571723447863
"18";"Baez_2013e.csv";"Baez_2013";"M";"M - A";1;"decr.P";1;"1095";3;1;-40;-0.579593805910314;226;-0.368627286826339;13;0.468618225082112;0.424883193965266;-0.0423013310598737;-0.248992527501602;0.0766276459633526
"19";"Baez_2013e.csv";"Baez_2013";"M";"M - A";2;"decr.P";1;"1095";3;1;-40;-0.579593805910314;226;-0.368627286826339;13;0.468618225082112;0.0953101798043252;-0.00962327462552043;0.0805804866593394;0.0439495895290037
"20";"Baez_2013e.csv";"Baez_2013";"M";"M - A";3;"decr.P";1;"1095";3;1;-40;-0.579593805910314;226;-0.368627286826339;13;0.468618225082112;-0.747214401830221;0.121705410469973;0.923105068293885;-0.0873790955664932
"21";"Baez_2013f.csv";"Baez_2013";"M";"M - A";1;"incr.P";1;"1095";3;1;55.6;0.773681653855293;226;-0.368627286826339;13;0.468618225082112;0.171850256926659;-0.125355191117966;-0.299683628436544;0.152120193844509
"22";"Baez_2013f.csv";"Baez_2013";"M";"M - A";2;"incr.P";1;"1095";3;1;55.6;0.773681653855293;226;-0.368627286826339;13;0.468618225082112;-0.54654370636807;0.00822107352310386;0.418710334858185;0.0185439292034388
"23";"Baez_2013f.csv";"Baez_2013";"M";"M - A";3;"incr.P";1;"1095";3;1;55.6;0.773681653855293;226;-0.368627286826339;13;0.468618225082112;-0.182321556793954;-0.836869935312805;0.0544881852840697;0.863634938039348
"24";"Chimner_2010a.csv";"Chimner_2010";"HPGRS";"HPGRS - A";1;"incr.P";1;"730";2;1;23.13624679;0.314137715037511;389;-0.143389669314567;7.9;0.226231345616606;0.0870113769896297;0.0999703760030977;0.0183491386681965;-0.127177284982568
"25";"Chimner_2010a.csv";"Chimner_2010";"HPGRS";"HPGRS - A";2;"incr.P";1;"730";2;1;23.13624679;0.314137715037511;389;-0.143389669314567;7.9;0.226231345616606;0.22314355131421;0.500373250761744;-0.117783035656383;-0.527580159741215
"26";"Chimner_2010a.csv";"Chimner_2010";"HPGRS";"HPGRS - A";3;"incr.P";1;"730";2;1;23.13624679;0.314137715037511;389;-0.143389669314567;7.9;0.226231345616606;-0.0741079721537217;0.176994796551271;0.179468487811548;-0.204201705530743
"27";"Chimner_2010b.csv";"Chimner_2010";"HPGRS";"HPGRS - A";1;"incr.P";2;"730";2;1;34.96143959;0.481530426577646;389;-0.143389669314567;7.9;0.226231345616606;0.0870113769896297;-0.278336884636497;0.113659318472521;0.226932548181564
"28";"Chimner_2010b.csv";"Chimner_2010";"HPGRS";"HPGRS - A";2;"incr.P";2;"730";2;1;34.96143959;0.481530426577646;389;-0.143389669314567;7.9;0.226231345616606;0.559615787935423;0.41363679006604;-0.358945092473272;-0.465041126520972
"29";"Chimner_2010b.csv";"Chimner_2010";"HPGRS";"HPGRS - A";3;"incr.P";2;"730";2;1;34.96143959;0.481530426577646;389;-0.143389669314567;7.9;0.226231345616606;-0.0741079721537217;-0.49829295085207;0.274778667615873;0.446888614397138
"30";"Chimner_2010c.csv";"Chimner_2010";"HPGRS";"HPGRS - A";1;"incr.P";3;"730";2;1;59.47368421;0.828515982100842;389;-0.143389669314567;7.9;0.226231345616606;0;-0.0270860103929849;0.200670695462151;-0.0234226956308168
"31";"Chimner_2010c.csv";"Chimner_2010";"HPGRS";"HPGRS - A";2;"incr.P";3;"730";2;1;59.47368421;0.828515982100842;389;-0.143389669314567;7.9;0.226231345616606;0.628608659422374;0.925079664293679;-0.427937963960223;-0.975588370317481
"32";"Chimner_2010c.csv";"Chimner_2010";"HPGRS";"HPGRS - A";3;"incr.P";3;"730";2;1;59.47368421;0.828515982100842;389;-0.143389669314567;7.9;0.226231345616606;0.0689928714869517;-0.0897805676593189;0.1316778239752;0.0392718616355179
"33";"Collins_2017.csv";"Collins_2017";"SNWR";"SNWR - A";1;"incr.P";1;"3650";10;1;20;0.269742256704084;255;-0.328554336471484;12.5;0.44485480552667;0.200670695462151;0.0312246968456256;-0.200670695462151;-0.0305130094744108
"34";"Collins_2017.csv";"Collins_2017";"SNWR";"SNWR - A";2;"incr.P";1;"3650";10;1;20;0.269742256704084;255;-0.328554336471484;12.5;0.44485480552667;0.241162056816888;0.797080116236703;-0.241162056816888;-0.796368428865487
"35";"Collins_2017.csv";"Collins_2017";"SNWR";"SNWR - A";3;"incr.P";1;"3650";10;1;20;0.269742256704084;255;-0.328554336471484;12.5;0.44485480552667;0.318453731118535;0.430533233001974;-0.318453731118535;-0.429821545630761
"36";"Collins_2017.csv";"Collins_2017";"SNWR";"SNWR - A";4;"incr.P";1;"3650";10;1;20;0.269742256704084;255;-0.328554336471484;12.5;0.44485480552667;-0.575364144903562;-0.429702309289247;0.575364144903562;0.430413996660462
"37";"Collins_2017.csv";"Collins_2017";"SNWR";"SNWR - A";5;"incr.P";1;"3650";10;1;20;0.269742256704084;255;-0.328554336471484;12.5;0.44485480552667;0.287682072451781;-0.116168359832234;-0.287682072451781;0.116880047203449
"38";"Eskelinen_2015a.csv";"Eskelinen_2015";"Harshserp";"Harshserp - A";1;"incr.P";1;"1460";4;1;18;0.241431054616937;886;0.543377790215192;13.3;0.482876276815377;-0.451985123743057;-0.84619306884876;0.90093534379096;0.671678281904775
"39";"Eskelinen_2015a.csv";"Eskelinen_2015";"Harshserp";"Harshserp - A";2;"incr.P";1;"1460";4;1;18;0.241431054616937;886;0.543377790215192;13.3;0.482876276815377;0.916290731874155;1.27865092701594;-0.467340511826252;-1.45316571395992
"40";"Eskelinen_2015a.csv";"Eskelinen_2015";"Harshserp";"Harshserp - A";3;"incr.P";1;"1460";4;1;18;0.241431054616937;886;0.543377790215192;13.3;0.482876276815377;0;-0.136617782683716;0.448950220047903;-0.0378970042602657
"41";"Eskelinen_2015a.csv";"Eskelinen_2015";"Harshserp";"Harshserp - B";1;"incr.P";1;"1460";4;1;18;0.241431054616937;886;0.543377790215192;13.3;0.482876276815377;-0.405465108108165;-0.0606105409272913;0.854415328156067;-0.113904246016692
"42";"Eskelinen_2015a.csv";"Eskelinen_2015";"Harshserp";"Harshserp - B";2;"incr.P";1;"1460";4;1;18;0.241431054616937;886;0.543377790215192;13.3;0.482876276815377;-0.693147180559945;-0.132385647018608;1.14209740060785;-0.0421291399253736
"43";"Eskelinen_2015a.csv";"Eskelinen_2015";"Harshserp";"Harshserp - C";1;"incr.P";1;"1460";4;1;18;0.241431054616937;886;0.543377790215192;13.3;0.482876276815377;0.587786664902119;-0.148513542329506;-0.138836444854216;-0.0260012446144777
"44";"Eskelinen_2015a.csv";"Eskelinen_2015";"Harshserp";"Harshserp - C";2;"incr.P";1;"1460";4;1;18;0.241431054616937;886;0.543377790215192;13.3;0.482876276815377;0.619039208406224;0.379875719881036;-0.17008898835832;-0.554390506825022
"45";"Eskelinen_2015a.csv";"Eskelinen_2015";"Harshserp";"Harshserp - C";3;"incr.P";1;"1460";4;1;18;0.241431054616937;886;0.543377790215192;13.3;0.482876276815377;0.773189888233482;0.412387365196129;-0.324239668185578;-0.586902152140111
"46";"Eskelinen_2015a.csv";"Eskelinen_2015";"Harshserp";"Harshserp - D";1;"incr.P";1;"1460";4;1;18;0.241431054616937;886;0.543377790215192;13.3;0.482876276815377;0;-0.589590348306275;0.448950220047903;0.415075561362291
"47";"Eskelinen_2015a.csv";"Eskelinen_2015";"Harshserp";"Harshserp - D";2;"incr.P";1;"1460";4;1;18;0.241431054616937;886;0.543377790215192;13.3;0.482876276815377;0;-0.129802661225808;0.448950220047903;-0.0447121257181757
"48";"Eskelinen_2015b.csv";"Eskelinen_2015";"Lushserp";"Lushserp - A";1;"incr.P";1;"1460";4;1;18;0.241431054616937;886;0.543377790215192;13.3;0.482876276815377;-0.171850256926659;-0.0873695356040336;0.0579059975774416;0.12389335031004
"49";"Eskelinen_2015b.csv";"Eskelinen_2015";"Lushserp";"Lushserp - A";2;"incr.P";1;"1460";4;1;18;0.241431054616937;886;0.543377790215192;13.3;0.482876276815377;0.51082562376599;0.425283717874168;-0.624769883115209;-0.388759903168159
"50";"Eskelinen_2015b.csv";"Eskelinen_2015";"Lushserp";"Lushserp - A";3;"incr.P";1;"1460";4;1;18;0.241431054616937;886;0.543377790215192;13.3;0.482876276815377;-0.268263986594679;0.382314162495942;0.154319727245462;-0.345790347789938
"51";"Eskelinen_2015b.csv";"Eskelinen_2015";"Lushserp";"Lushserp - A";4;"incr.P";1;"1460";4;1;18;0.241431054616937;886;0.543377790215192;13.3;0.482876276815377;0.105360515657826;-0.432460813963905;-0.219304775007044;0.468984628669911
"52";"Eskelinen_2015b.csv";"Eskelinen_2015";"Lushserp";"Lushserp - A";5;"incr.P";1;"1460";4;1;18;0.241431054616937;886;0.543377790215192;13.3;0.482876276815377;-0.42744401482694;-0.535597205952585;0.313499755477722;0.57212102065859
"53";"Eskelinen_2015b.csv";"Eskelinen_2015";"Lushserp";"Lushserp - B";1;"incr.P";1;"1460";4;1;18;0.241431054616937;886;0.543377790215192;13.3;0.482876276815377;-0.171850256926659;-0.354721836530965;0.0579059975774416;0.391245651236971
"54";"Eskelinen_2015b.csv";"Eskelinen_2015";"Lushserp";"Lushserp - C";1;"incr.P";1;"1460";4;1;18;0.241431054616937;886;0.543377790215192;13.3;0.482876276815377;-0.45953232937844;-0.2970761325751;0.345588070029222;0.333599947281106
"55";"Eskelinen_2015b.csv";"Eskelinen_2015";"Lushserp";"Lushserp - C";2;"incr.P";1;"1460";4;1;18;0.241431054616937;886;0.543377790215192;13.3;0.482876276815377;-0.336472236621213;0.561365140039997;0.222527977271995;-0.524841325333989
"56";"Eskelinen_2015b.csv";"Eskelinen_2015";"Lushserp";"Lushserp - C";3;"incr.P";1;"1460";4;1;18;0.241431054616937;886;0.543377790215192;13.3;0.482876276815377;0.798507696217771;1.19572678993641;-0.912451955566989;-1.15920297523041
"57";"Eskelinen_2015b.csv";"Eskelinen_2015";"Lushserp";"Lushserp - D";1;"incr.P";1;"1460";4;1;18;0.241431054616937;886;0.543377790215192;13.3;0.482876276815377;0.451985123743057;0.16929452545301;-0.565929383092275;-0.132770710747003
"58";"Eskelinen_2015b.csv";"Eskelinen_2015";"Lushserp";"Lushserp - D";2;"incr.P";1;"1460";4;1;18;0.241431054616937;886;0.543377790215192;13.3;0.482876276815377;-0.587786664902119;-1.04097469448746;0.473842405552901;1.07749850919347
"59";"Eskelinen_2015b.csv";"Eskelinen_2015";"Lushserp";"Lushserp - D";3;"incr.P";1;"1460";4;1;18;0.241431054616937;886;0.543377790215192;13.3;0.482876276815377;-0.75377180237638;-1.19913377478254;0.639827543027162;1.23565758948855
"60";"Eskelinen_2015c.csv";"Eskelinen_2015";"Nonserp";"Nonserp - A";1;"incr.P";1;"1460";4;1;18;0.241431054616937;886;0.543377790215192;13.3;0.482876276815377;-0.111225635110224;0.271727144491156;-0.0403242630169764;-0.225725912196418
"61";"Eskelinen_2015c.csv";"Eskelinen_2015";"Nonserp";"Nonserp - A";2;"incr.P";1;"1460";4;1;18;0.241431054616937;886;0.543377790215192;13.3;0.482876276815377;0.287682072451781;0.277656510201978;-0.439231970578982;-0.231655277907239
"62";"Eskelinen_2015c.csv";"Eskelinen_2015";"Nonserp";"Nonserp - A";3;"incr.P";1;"1460";4;1;18;0.241431054616937;886;0.543377790215192;13.3;0.482876276815377;0.162518929497775;0.663377680315904;-0.314068827624976;-0.617376448021167
"63";"Eskelinen_2015c.csv";"Eskelinen_2015";"Nonserp";"Nonserp - B";1;"incr.P";1;"1460";4;1;18;0.241431054616937;886;0.543377790215192;13.3;0.482876276815377;-0.325422400434628;-0.391466257414692;0.173872502307427;0.437467489709429
"64";"Eskelinen_2015c.csv";"Eskelinen_2015";"Nonserp";"Nonserp - B";2;"incr.P";1;"1460";4;1;18;0.241431054616937;886;0.543377790215192;13.3;0.482876276815377;-0.139761942375159;-0.75383205423389;-0.0117879557520422;0.799833286528628
"65";"Eskelinen_2015c.csv";"Eskelinen_2015";"Nonserp";"Nonserp - C";1;"incr.P";1;"1460";4;1;18;0.241431054616937;886;0.543377790215192;13.3;0.482876276815377;-0.23638877806423;-0.155555597372883;0.0848388799370297;0.201556829667618
"66";"Eskelinen_2015c.csv";"Eskelinen_2015";"Nonserp";"Nonserp - C";2;"incr.P";1;"1460";4;1;18;0.241431054616937;886;0.543377790215192;13.3;0.482876276815377;-0.171850256926659;-0.324724360626953;0.0203003587994584;0.37072559292169
"67";"Eskelinen_2015c.csv";"Eskelinen_2015";"Nonserp";"Nonserp - C";3;"incr.P";1;"1460";4;1;18;0.241431054616937;886;0.543377790215192;13.3;0.482876276815377;-0.154150679827258;0.318111812686175;0.00260078170005751;-0.272110580391437
"68";"Eskelinen_2015c.csv";"Eskelinen_2015";"Nonserp";"Nonserp - D";1;"incr.P";1;"1460";4;1;18;0.241431054616937;886;0.543377790215192;13.3;0.482876276815377;0.105360515657826;0.791190874799431;-0.256910413785027;-0.745189642504691
"69";"Eskelinen_2015c.csv";"Eskelinen_2015";"Nonserp";"Nonserp - D";2;"incr.P";1;"1460";4;1;18;0.241431054616937;886;0.543377790215192;13.3;0.482876276815377;1.04982212449868;0.994434347531387;-1.20137202262588;-0.94843311523665
"70";"Eskelinen_2015c.csv";"Eskelinen_2015";"Nonserp";"Nonserp - D";3;"incr.P";1;"1460";4;1;18;0.241431054616937;886;0.543377790215192;13.3;0.482876276815377;-0.492476485097794;-0.937311377176805;0.340926586970593;0.983312609471544
"77";"Gilgen_2009a.csv";"Gilgen_2009";"Chamau";"Chamau - A";1;"decr.P";1;"730";2;0.2;-29.90196078;-0.436649991389638;1197;0.973125637124156;7.7;0.216725977794429;0;0.696215753721947;-0.0953101798043248;-0.646367704666701
"78";"Gilgen_2009a.csv";"Gilgen_2009";"Chamau";"Chamau - A";2;"decr.P";1;"730";2;0.2;-29.90196078;-0.436649991389638;1197;0.973125637124156;7.7;0.216725977794429;-0.133531392624523;-0.358071348424675;0.0382212128201978;0.407919397479925
"79";"Gilgen_2009a.csv";"Gilgen_2009";"Chamau";"Chamau - A";3;"decr.P";1;"730";2;0.2;-29.90196078;-0.436649991389638;1197;0.973125637124156;7.7;0.216725977794429;-0.847297860387203;-0.803669828957869;0.751987680582879;0.853517878013115
"80";"Gilgen_2009a.csv";"Gilgen_2009";"Chamau";"Chamau - A";4;"decr.P";1;"730";2;0.2;-29.90196078;-0.436649991389638;1197;0.973125637124156;7.7;0.216725977794429;0.154150679827258;0.22200229068779;-0.249460859631583;-0.17215424163254
"81";"Gilgen_2009a.csv";"Gilgen_2009";"Chamau";"Chamau - A";5;"decr.P";1;"730";2;0.2;-29.90196078;-0.436649991389638;1197;0.973125637124156;7.7;0.216725977794429;-0.22314355131421;0.0449448272371697;0.127833371509885;0.00490322181807812
"82";"Gilgen_2009b.csv";"Gilgen_2009";"Fruebuel";"Fruebuel - A";1;"decr.P";1;"730";2;0.2;-32.93751767;-0.479620123669548;1185;0.956543726632491;7.9;0.226231345616606;0.451985123743057;-0.412440921075379;-0.289466194245282;0.350754999660177
"83";"Gilgen_2009b.csv";"Gilgen_2009";"Fruebuel";"Fruebuel - A";2;"decr.P";1;"730";2;0.2;-32.93751767;-0.479620123669548;1185;0.956543726632491;7.9;0.226231345616606;-0.117783035656384;0.220981588112139;0.280301965154158;-0.282667509527342
"84";"Gilgen_2009b.csv";"Gilgen_2009";"Fruebuel";"Fruebuel - A";3;"decr.P";1;"730";2;0.2;-32.93751767;-0.479620123669548;1185;0.956543726632491;7.9;0.226231345616606;0.133531392624523;-0.0244975716530398;0.0289875368732524;-0.0371883497621636
"85";"Gilgen_2009b.csv";"Gilgen_2009";"Fruebuel";"Fruebuel - A";4;"decr.P";1;"730";2;0.2;-32.93751767;-0.479620123669548;1185;0.956543726632491;7.9;0.226231345616606;-0.287682072451781;-0.386103544956365;0.450201001949556;0.324417623541162
"86";"Gilgen_2009b.csv";"Gilgen_2009";"Fruebuel";"Fruebuel - A";5;"decr.P";1;"730";2;0.2;-32.93751767;-0.479620123669548;1185;0.956543726632491;7.9;0.226231345616606;0.182321556793955;-0.477514804995852;-0.0198026272961795;0.415828883580646
"87";"Grime_2008a.csv";"Grime_2008";"Buxton";"Buxton - A";1;"decr.P";1;"5840";16;2.5;-25.38461538;-0.372704252131217;1149;0.906797995157499;8.2;0.240489397349871;-0.245122458032985;-0.698314547078574;0.20875481386211;0.708733780085125
"88";"Grime_2008a.csv";"Grime_2008";"Buxton";"Buxton - B";2;"decr.P";1;"5840";16;2.5;-25.38461538;-0.372704252131217;1149;0.906797995157499;8.2;0.240489397349871;-0.060624621816435;-0.112676711588329;0.0242569776455601;0.123095944594879
"89";"Grime_2008a.csv";"Grime_2008";"Buxton";"Buxton - C";3;"decr.P";1;"5840";16;2.5;-25.38461538;-0.372704252131217;1149;0.906797995157499;8.2;0.240489397349871;-0.251314428280906;0.00337953570683847;0.214946784110031;0.00703969729971199
"90";"Grime_2008a.csv";"Grime_2008";"Buxton";"Buxton - D";4;"decr.P";1;"5840";16;2.5;-25.38461538;-0.372704252131217;1149;0.906797995157499;8.2;0.240489397349871;0;-0.418815334144472;-0.0363676441708748;0.429234567151024
"91";"Grime_2008a.csv";"Grime_2008";"Buxton";"Buxton - E";5;"decr.P";1;"5840";16;2.5;-25.38461538;-0.372704252131217;1149;0.906797995157499;8.2;0.240489397349871;-0.45953232937844;-0.322923471996092;0.423164685207565;0.333342705002642
"92";"Grime_2008b.csv";"Grime_2008";"Buxton";"Buxton - A";1;"incr.P";2;"5840";16;2.5;13.07692308;0.171741941830593;1149;0.906797995157499;8.2;0.240489397349871;-0.362905493689369;-0.338963365541334;0.326537849518494;0.349789434417607
"93";"Grime_2008b.csv";"Grime_2008";"Buxton";"Buxton - B";2;"incr.P";2;"5840";16;2.5;13.07692308;0.171741941830593;1149;0.906797995157499;8.2;0.240489397349871;0.111225635110224;0.181576611682166;-0.147593279281099;-0.170750542805895
"94";"Grime_2008b.csv";"Grime_2008";"Buxton";"Buxton - C";3;"incr.P";2;"5840";16;2.5;13.07692308;0.171741941830593;1149;0.906797995157499;8.2;0.240489397349871;0.200670695462152;0.460344065464422;-0.237038339633026;-0.449517996588144
"95";"Grime_2008b.csv";"Grime_2008";"Buxton";"Buxton - D";4;"incr.P";2;"5840";16;2.5;13.07692308;0.171741941830593;1149;0.906797995157499;8.2;0.240489397349871;0.0571584138399484;-0.0534187691493249;-0.0935260580108234;0.0642448380256058
"96";"Grime_2008b.csv";"Grime_2008";"Buxton";"Buxton - E";5;"incr.P";2;"5840";16;2.5;13.07692308;0.171741941830593;1149;0.906797995157499;8.2;0.240489397349871;-0.0540672212702757;-0.0829656508030205;0.017699577099401;0.0937917196792926
"97";"Hallett_2017a.csv";"Hallett_2017";"SFREC";"SFREC - B";1;"decr.P";1;"730";2;0.25;-45.20547945;-0.653280496245033;934;0.609705432181848;15.6;0.59218800677041;-0.182321556793955;-0.504205460794796;0.624154309072994;0.341645308823371
"98";"Hallett_2017a.csv";"Hallett_2017";"SFREC";"SFREC - B";2;"decr.P";1;"730";2;0.25;-45.20547945;-0.653280496245033;934;0.609705432181848;15.6;0.59218800677041;0.287682072451781;0.585261116096291;0.154150679827258;-0.747821268067713
"99";"Hallett_2017a.csv";"Hallett_2017";"SFREC";"SFREC - C";1;"decr.P";1;"730";2;0.25;-45.20547945;-0.653280496245033;934;0.609705432181848;15.6;0.59218800677041;-0.154150679827258;-0.309674171103256;0.595983432106298;0.147114019131836
"100";"Hallett_2017a.csv";"Hallett_2017";"SFREC";"SFREC - C";2;"decr.P";1;"730";2;0.25;-45.20547945;-0.653280496245033;934;0.609705432181848;15.6;0.59218800677041;0;-0.0486019088545726;0.441832752279039;-0.113958243116849
"101";"Hallett_2017a.csv";"Hallett_2017";"SFREC";"SFREC - F";1;"decr.P";1;"730";2;0.25;-45.20547945;-0.653280496245033;934;0.609705432181848;15.6;0.59218800677041;0.693147180559945;1.00520117598673;-0.251314428280906;-1.16776132795815
"102";"Hallett_2017a.csv";"Hallett_2017";"SFREC";"SFREC - F";2;"decr.P";1;"730";2;0.25;-45.20547945;-0.653280496245033;934;0.609705432181848;15.6;0.59218800677041;0.980829253011726;0.745537763966608;-0.538996500732687;-0.908097915938031
"103";"Hallett_2017a.csv";"Hallett_2017";"SFREC";"SFREC - G";1;"decr.P";1;"730";2;0.25;-45.20547945;-0.653280496245033;934;0.609705432181848;15.6;0.59218800677041;0.182321556793955;0.266042123979474;0.259511195485085;-0.428602275950895
"104";"Hallett_2017a.csv";"Hallett_2017";"SFREC";"SFREC - G";2;"decr.P";1;"730";2;0.25;-45.20547945;-0.653280496245033;934;0.609705432181848;15.6;0.59218800677041;0.182321556793955;0.185307801093578;0.259511195485085;-0.347867953065001
"105";"Hallett_2017a.csv";"Hallett_2017";"SFREC";"SFREC - E";2;"decr.P";1;"730";2;0.25;-45.20547945;-0.653280496245033;934;0.609705432181848;15.6;0.59218800677041;-0.287682072451781;-0.437356977972504;0.655406852577098;0.208113036049976
"106";"Hallett_2017a.csv";"Hallett_2017";"SFREC";"SFREC - H";1;"decr.P";1;"730";2;0.25;-45.20547945;-0.653280496245033;934;0.609705432181848;15.6;0.59218800677041;0;-0.220038922626092;0.367724780125317;-0.00920501929644046
"107";"Hallett_2017a.csv";"Hallett_2017";"SFREC";"SFREC - H";2;"decr.P";1;"730";2;0.25;-45.20547945;-0.653280496245033;934;0.609705432181848;15.6;0.59218800677041;0.22314355131421;0.512825137392738;0.144581228811108;-0.742069079315268
"108";"Hallett_2017a.csv";"Hallett_2017";"SFREC";"SFREC - D";2;"decr.P";1;"730";2;0.25;-45.20547945;-0.653280496245033;934;0.609705432181848;15.6;0.59218800677041;1.09861228866811;0.518389354285203;-0.730887508542793;-0.747633296207733
"109";"Hallett_2017a.csv";"Hallett_2017";"SFREC";"SFREC - A";1;"decr.P";1;"730";2;0.25;-45.20547945;-0.653280496245033;934;0.609705432181848;15.6;0.59218800677041;-0.154150679827258;-0.7540096042055;0.521875459952575;0.524765662282974
"110";"Hallett_2017a.csv";"Hallett_2017";"SFREC";"SFREC - A";2;"decr.P";1;"730";2;0.25;-45.20547945;-0.653280496245033;934;0.609705432181848;15.6;0.59218800677041;-0.559615787935423;-0.741659001378742;0.92734056806074;0.512415059456214
"111";"Hallett_2017a.csv";"Hallett_2017";"SFREC";"SFREC - D";1;"decr.P";1;"730";2;0.25;-45.20547945;-0.653280496245033;934;0.609705432181848;15.6;0.59218800677041;0;0;0.367724780125317;-0.229243941922528
"112";"Hallett_2017a.csv";"Hallett_2017";"SFREC";"SFREC - E";1;"decr.P";1;"730";2;0.25;-45.20547945;-0.653280496245033;934;0.609705432181848;15.6;0.59218800677041;0.22314355131421;0.429275458513579;0.144581228811108;-0.65851940043611
"113";"Hallett_2017b.csv";"Hallett_2017";"SFREC";"SFREC - C";2;"incr.P";2;"730";2;0.25;23.28767123;0.316281218998398;934;0.609705432181848;15.6;0.59218800677041;-0.154150679827258;-0.126644238570235;0.441832752279039;-0.00670058453113231
"114";"Hallett_2017b.csv";"Hallett_2017";"SFREC";"SFREC - F";2;"incr.P";2;"730";2;0.25;23.28767123;0.316281218998398;934;0.609705432181848;15.6;0.59218800677041;0.287682072451781;0.438697314410044;0;-0.572042137511409
"115";"Hallett_2017b.csv";"Hallett_2017";"SFREC";"SFREC - G";1;"incr.P";2;"730";2;0.25;23.28767123;0.316281218998398;934;0.609705432181848;15.6;0.59218800677041;-0.22314355131421;-0.376007869197633;0.510825623765991;0.242663046096267
"116";"Hallett_2017b.csv";"Hallett_2017";"SFREC";"SFREC - G";2;"incr.P";2;"730";2;0.25;23.28767123;0.316281218998398;934;0.609705432181848;15.6;0.59218800677041;-0.22314355131421;0.100163792222459;0.510825623765991;-0.233508615323825
"117";"Hallett_2017b.csv";"Hallett_2017";"SFREC";"SFREC - F";1;"incr.P";2;"730";2;0.25;23.28767123;0.316281218998398;934;0.609705432181848;15.6;0.59218800677041;0.51082562376599;1.019216921856;-0.22314355131421;-1.15256174495737
"118";"Hallett_2017b.csv";"Hallett_2017";"SFREC";"SFREC - B";1;"incr.P";2;"730";2;0.25;23.28767123;0.316281218998398;934;0.609705432181848;15.6;0.59218800677041;-0.405465108108164;-0.02492912904722;0.693147180559945;-0.108415694054148
"119";"Hallett_2017b.csv";"Hallett_2017";"SFREC";"SFREC - B";2;"incr.P";2;"730";2;0.25;23.28767123;0.316281218998398;934;0.609705432181848;15.6;0.59218800677041;-0.405465108108164;0.0144787506984123;0.693147180559945;-0.147823573799782
"120";"Hallett_2017b.csv";"Hallett_2017";"SFREC";"SFREC - C";1;"incr.P";2;"730";2;0.25;23.28767123;0.316281218998398;934;0.609705432181848;15.6;0.59218800677041;-0.154150679827258;-0.246548821098;0.441832752279039;0.113203997996633
"121";"Hallett_2017b.csv";"Hallett_2017";"SFREC";"SFREC - A";1;"incr.P";2;"730";2;0.25;23.28767123;0.316281218998398;934;0.609705432181848;15.6;0.59218800677041;-0.336472236621213;-0.357351969845013;0.537142932083364;0.219051894186614
"122";"Hallett_2017b.csv";"Hallett_2017";"SFREC";"SFREC - A";2;"incr.P";2;"730";2;0.25;23.28767123;0.316281218998398;934;0.609705432181848;15.6;0.59218800677041;-0.154150679827258;-0.324123245444017;0.354821375289409;0.185823169785618
"123";"Hallett_2017b.csv";"Hallett_2017";"SFREC";"SFREC - D";1;"incr.P";2;"730";2;0.25;23.28767123;0.316281218998398;934;0.609705432181848;15.6;0.59218800677041;1.38629436111989;0.765213847458394;-1.18562366565774;-0.903513923116792
"124";"Hallett_2017b.csv";"Hallett_2017";"SFREC";"SFREC - D";2;"incr.P";2;"730";2;0.25;23.28767123;0.316281218998398;934;0.609705432181848;15.6;0.59218800677041;1.79175946922805;0.878780000548103;-1.5910887737659;-1.0170800762065
"125";"Hallett_2017b.csv";"Hallett_2017";"SFREC";"SFREC - E";1;"incr.P";2;"730";2;0.25;23.28767123;0.316281218998398;934;0.609705432181848;15.6;0.59218800677041;0;0.0884386792606943;0.200670695462151;-0.226738754919095
"126";"Hallett_2017b.csv";"Hallett_2017";"SFREC";"SFREC - E";2;"incr.P";2;"730";2;0.25;23.28767123;0.316281218998398;934;0.609705432181848;15.6;0.59218800677041;0;-0.127146536061887;0.200670695462151;-0.0111535395965139
"127";"Hallett_2017b.csv";"Hallett_2017";"SFREC";"SFREC - H";1;"incr.P";2;"730";2;0.25;23.28767123;0.316281218998398;934;0.609705432181848;15.6;0.59218800677041;-0.693147180559945;-0.676531361432982;0.893817876022097;0.538231285774579
"128";"Hallett_2017b.csv";"Hallett_2017";"SFREC";"SFREC - H";2;"incr.P";2;"730";2;0.25;23.28767123;0.316281218998398;934;0.609705432181848;15.6;0.59218800677041;0.22314355131421;0.22776107866401;-0.0224728558520585;-0.366061154322411
"129";"Harpole_2007.csv";"Harpole_2007";"Irvine.Ranch.Land.Reserve";"Irvine.Ranch.Land.Reserve - A";1;"incr.P";1;"60";0.2;0.1125;30.53097345;0.418814515462746;322;-0.235972002893026;16.7;0.644467529792382;0;0.285863431774944;-0.111225635110224;-0.242365248540337
"130";"Harpole_2007.csv";"Harpole_2007";"Irvine.Ranch.Land.Reserve";"Irvine.Ranch.Land.Reserve - B";2;"incr.P";1;"60";0.2;0.1125;30.53097345;0.418814515462746;322;-0.235972002893026;16.7;0.644467529792382;0.200670695462151;-0.251673896527806;-0.311896330572376;0.295172079762411
"131";"Harpole_2007.csv";"Harpole_2007";"Irvine.Ranch.Land.Reserve";"Irvine.Ranch.Land.Reserve - C";3;"incr.P";1;"60";0.2;0.1125;30.53097345;0.418814515462746;322;-0.235972002893026;16.7;0.644467529792382;0.356674943938733;0.339669494494344;-0.467900579048957;-0.296171311259739
"132";"Harpole_2007.csv";"Harpole_2007";"Irvine.Ranch.Land.Reserve";"Irvine.Ranch.Land.Reserve - D";4;"incr.P";1;"60";0.2;0.1125;30.53097345;0.418814515462746;322;-0.235972002893026;16.7;0.644467529792382;-0.251314428280906;-0.659067013587782;0.140088793170682;0.702565196822386
"133";"Harpole_2007.csv";"Harpole_2007";"Irvine.Ranch.Land.Reserve";"Irvine.Ranch.Land.Reserve - E";5;"incr.P";1;"60";0.2;0.1125;30.53097345;0.418814515462746;322;-0.235972002893026;16.7;0.644467529792382;0.251314428280906;0.411806981584413;-0.362540063391131;-0.368308798349804
"134";"Holub_2013a.csv";"Holub_2013";"lowland";"lowland - A";1;"decr.P";1;"730";2;0.5;-50;-0.721149816346047;621;0.177193933524274;8.6;0.259500132994224;-0.117783035656384;-0.0225982094358637;0.235566071312767;-0.0202750708989308
"135";"Holub_2013a.csv";"Holub_2013";"lowland";"lowland - A";2;"decr.P";1;"730";2;0.5;-50;-0.721149816346047;621;0.177193933524274;8.6;0.259500132994224;0.485507815781701;0.637292043450232;-0.367724780125317;-0.680165323785026
"136";"Holub_2013a.csv";"Holub_2013";"lowland";"lowland - A";3;"decr.P";1;"730";2;0.5;-50;-0.721149816346047;621;0.177193933524274;8.6;0.259500132994224;0.0870113769896297;-0.232698021943139;0.0307716586667537;0.189824741608346
"137";"Holub_2013a.csv";"Holub_2013";"lowland";"lowland - A";4;"decr.P";1;"730";2;0.5;-50;-0.721149816346047;621;0.177193933524274;8.6;0.259500132994224;0;-0.229199526662815;0.117783035656383;0.186326246328022
"138";"Holub_2013b.csv";"Holub_2013";"lowland";"lowland - A";1;"incr.P";2;"730";2;0.5;50;0.694410288011282;621;0.177193933524274;8.6;0.259500132994224;0.105360515657826;-0.136781923952531;0.117783035656383;0.0583420645398744
"139";"Holub_2013b.csv";"Holub_2013";"lowland";"lowland - A";2;"incr.P";2;"730";2;0.5;50;0.694410288011282;621;0.177193933524274;8.6;0.259500132994224;0.22314355131421;0.500101661391694;0;-0.578541520804351
"140";"Holub_2013b.csv";"Holub_2013";"lowland";"lowland - A";3;"incr.P";2;"730";2;0.5;50;0.694410288011282;621;0.177193933524274;8.6;0.259500132994224;0;-0.281654940170124;0.22314355131421;0.203215080757468
"141";"Holub_2013b.csv";"Holub_2013";"lowland";"lowland - A";4;"incr.P";2;"730";2;0.5;50;0.694410288011282;621;0.177193933524274;8.6;0.259500132994224;-0.143100843640673;-0.0878232012007678;0.366244394954883;0.00938334178811218
"142";"Holub_2013c.csv";"Holub_2013";"mountain";"mountain - A";1;"decr.P";1;"730";2;0.5;-50;-0.721149816346047;978;0.670505770651284;5.6;0.116919615661573;-0.200670695462151;-0.107635026231545;0.200670695462151;0.121024669869202
"143";"Holub_2013c.csv";"Holub_2013";"mountain";"mountain - A";2;"decr.P";1;"730";2;0.5;-50;-0.721149816346047;978;0.670505770651284;5.6;0.116919615661573;0.0953101798043248;0.367399097643332;-0.0953101798043249;-0.354009454005672
"144";"Holub_2013c.csv";"Holub_2013";"mountain";"mountain - A";3;"decr.P";1;"730";2;0.5;-50;-0.721149816346047;978;0.670505770651284;5.6;0.116919615661573;-0.0953101798043248;1.11448563853604;0.0953101798043249;-1.10109599489838
"145";"Holub_2013c.csv";"Holub_2013";"mountain";"mountain - A";4;"decr.P";1;"730";2;0.5;-50;-0.721149816346047;978;0.670505770651284;5.6;0.116919615661573;-0.318453731118535;0.211291287195542;0.318453731118535;-0.197901643557883
"146";"Holub_2013d.csv";"Holub_2013";"mountain";"mountain - A";1;"incr.P";2;"730";2;0.5;50;0.694410288011282;978;0.670505770651284;5.6;0.116919615661573;-0.0953101798043248;-0.174672537827096;0.0953101798043249;0.185082777450594
"147";"Holub_2013d.csv";"Holub_2013";"mountain";"mountain - A";2;"incr.P";2;"730";2;0.5;50;0.694410288011282;978;0.670505770651284;5.6;0.116919615661573;0.0953101798043248;0.0336125650032901;-0.0953101798043249;-0.0232023253797903
"148";"Holub_2013d.csv";"Holub_2013";"mountain";"mountain - A";3;"incr.P";2;"730";2;0.5;50;0.694410288011282;978;0.670505770651284;5.6;0.116919615661573;-0.451985123743057;0.853931744455969;0.451985123743057;-0.84352150483247
"149";"Holub_2013d.csv";"Holub_2013";"mountain";"mountain - A";4;"incr.P";2;"730";2;0.5;50;0.694410288011282;978;0.670505770651284;5.6;0.116919615661573;-0.200670695462151;0.750236172894538;0.200670695462151;-0.73982593327104
"150";"Kahmen_2005.csv";"Kahmen_2005";"SG";"SG - A";1;"decr.P";1;"365";1;2;-20;-0.296481785038848;785;0.403813376910351;6.4;0.15494108695028;-0.0512932943875506;-0.174854287594716;0.0110193952496107;0.190867131508686
"151";"Kahmen_2005.csv";"Kahmen_2005";"SG";"SG - B";2;"decr.P";1;"365";1;2;-20;-0.296481785038848;785;0.403813376910351;6.4;0.15494108695028;-0.0645385211375711;-0.43089013419052;0.024264621999631;0.44690297810449
"152";"Kahmen_2005.csv";"Kahmen_2005";"SG";"SG - C";3;"decr.P";1;"365";1;2;-20;-0.296481785038848;785;0.403813376910351;6.4;0.15494108695028;-0.0512932943875506;0.047899286351744;0.0110193952496107;-0.0318864424377734
"153";"Kahmen_2005.csv";"Kahmen_2005";"SG";"SG - D";4;"decr.P";1;"365";1;2;-20;-0.296481785038848;785;0.403813376910351;6.4;0.15494108695028;0;0.0451541887659443;-0.0402738991379399;-0.0291413448519795
"154";"Kahmen_2005.csv";"Kahmen_2005";"SG";"SG - E";5;"decr.P";1;"365";1;2;-20;-0.296481785038848;785;0.403813376910351;6.4;0.15494108695028;-0.0425596144187961;-0.307244754878893;0.00228571528085619;0.323257598792863
"155";"Kahmen_2005.csv";"Kahmen_2005";"SG";"SG - F";6;"decr.P";1;"365";1;2;-20;-0.296481785038848;785;0.403813376910351;6.4;0.15494108695028;0.0350913198112703;0.187664756584106;-0.0753652189492102;-0.171651912670135
"156";"Kahmen_2005.csv";"Kahmen_2005";"SG";"SG - G";7;"decr.P";1;"365";1;2;-20;-0.296481785038848;785;0.403813376910351;6.4;0.15494108695028;0.0953101798043252;0.158902430474069;-0.135584078942265;-0.142889586560099
"157";"Kahmen_2005.csv";"Kahmen_2005";"SG";"SG - H";8;"decr.P";1;"365";1;2;-20;-0.296481785038848;785;0.403813376910351;6.4;0.15494108695028;0.143100843640673;-0.114685456175662;-0.183374742778613;0.130698300089632
"158";"Kahmen_2005.csv";"Kahmen_2005";"SG";"SG - I";9;"decr.P";1;"365";1;2;-20;-0.296481785038848;785;0.403813376910351;6.4;0.15494108695028;-0.143100843640673;-0.143018865414253;0.102826944502733;0.159031709328227
"159";"Kahmen_2005.csv";"Kahmen_2005";"SG";"SG - J";10;"decr.P";1;"365";1;2;-20;-0.296481785038848;785;0.403813376910351;6.4;0.15494108695028;0.0339015516756813;-0.0118661230111767;-0.0741754508136213;0.0278789669251462
"160";"Kahmen_2005.csv";"Kahmen_2005";"SG";"SG - K";11;"decr.P";1;"365";1;2;-20;-0.296481785038848;785;0.403813376910351;6.4;0.15494108695028;0;-0.357451925570564;-0.04027389913794;0.37346476948453
"161";"Kahmen_2005.csv";"Kahmen_2005";"SG";"SG - L";12;"decr.P";1;"365";1;2;-20;-0.296481785038848;785;0.403813376910351;6.4;0.15494108695028;0.262364264467491;-0.0158371355141194;-0.302638163605431;0.0318499794280895
"162";"Kahmen_2005.csv";"Kahmen_2005";"SG";"SG - M";13;"decr.P";1;"365";1;2;-20;-0.296481785038848;785;0.403813376910351;6.4;0.15494108695028;0.0327898228229908;-0.271030832115956;-0.0730637219609308;0.287043676029922
"163";"Kahmen_2005.csv";"Kahmen_2005";"SG";"SG - N";14;"decr.P";1;"365";1;2;-20;-0.296481785038848;785;0.403813376910351;6.4;0.15494108695028;0;0.295206019427025;-0.04027389913794;-0.279193175513058
"164";"Kahmen_2005.csv";"Kahmen_2005";"SG";"SG - O";15;"decr.P";1;"365";1;2;-20;-0.296481785038848;785;0.403813376910351;6.4;0.15494108695028;-0.0266682470821613;0.16161420735581;-0.0136056520557786;-0.145601363441836
"165";"Kahmen_2005.csv";"Kahmen_2005";"SG";"SG - P";16;"decr.P";1;"365";1;2;-20;-0.296481785038848;785;0.403813376910351;6.4;0.15494108695028;0.0571584138399484;0.410793122420692;-0.0974323129778887;-0.394780278506722
"166";"Kahmen_2005.csv";"Kahmen_2005";"SG";"SG - Q";17;"decr.P";1;"365";1;2;-20;-0.296481785038848;785;0.403813376910351;6.4;0.15494108695028;-0.174353387144778;-0.21088439280667;0.134079488006838;0.226897236720636
"167";"Kahmen_2005.csv";"Kahmen_2005";"SG";"SG - R";18;"decr.P";1;"365";1;2;-20;-0.296481785038848;785;0.403813376910351;6.4;0.15494108695028;-0.174353387144778;-0.0793569146462301;0.134079488006838;0.0953697585602038
"168";"Kahmen_2005.csv";"Kahmen_2005";"SG";"SG - S";19;"decr.P";1;"365";1;2;-20;-0.296481785038848;785;0.403813376910351;6.4;0.15494108695028;-0.0909717782057267;0.102104539919343;0.0506978790677868;-0.086091696005373
"169";"Lauenroth_2014.csv";"Lauenroth_2014";"SGS-LTER.Field.Station";"SGS-LTER.Field.Station - A";1;"incr.P";1;"5110";14;0.25;95.63;1.34033036362953;366;-0.17517166442359;8.4;0.249994765172047;0.405465108108164;0.797174633505848;-0.251314428280906;-0.563077485976618
"170";"Lauenroth_2014.csv";"Lauenroth_2014";"SGS-LTER.Field.Station";"SGS-LTER.Field.Station - A";10;"incr.P";1;"5110";14;0.25;95.63;1.34033036362953;366;-0.17517166442359;8.4;0.249994765172047;0.51082562376599;0.290975034174352;-0.356674943938732;-0.0568778866451226
"171";"Lauenroth_2014.csv";"Lauenroth_2014";"SGS-LTER.Field.Station";"SGS-LTER.Field.Station - A";2;"incr.P";1;"5110";14;0.25;95.63;1.34033036362953;366;-0.17517166442359;8.4;0.249994765172047;0.405465108108164;0.126175137798463;-0.251314428280906;0.107922009730767
"172";"Lauenroth_2014.csv";"Lauenroth_2014";"SGS-LTER.Field.Station";"SGS-LTER.Field.Station - A";3;"incr.P";1;"5110";14;0.25;95.63;1.34033036362953;366;-0.17517166442359;8.4;0.249994765172047;0.182321556793955;0.00882239309224531;-0.0281708769666962;0.225274754436985
"173";"Lauenroth_2014.csv";"Lauenroth_2014";"SGS-LTER.Field.Station";"SGS-LTER.Field.Station - A";4;"incr.P";1;"5110";14;0.25;95.63;1.34033036362953;366;-0.17517166442359;8.4;0.249994765172047;0.22314355131421;-0.193400260000969;-0.0689928714869515;0.427497407530198
"174";"Lauenroth_2014.csv";"Lauenroth_2014";"SGS-LTER.Field.Station";"SGS-LTER.Field.Station - A";5;"incr.P";1;"5110";14;0.25;95.63;1.34033036362953;366;-0.17517166442359;8.4;0.249994765172047;0.182321556793955;0.0024127793351576;-0.0281708769666962;0.231684368194071
"175";"Lauenroth_2014.csv";"Lauenroth_2014";"SGS-LTER.Field.Station";"SGS-LTER.Field.Station - A";6;"incr.P";1;"5110";14;0.25;95.63;1.34033036362953;366;-0.17517166442359;8.4;0.249994765172047;0.182321556793955;-0.0407925352485239;-0.0281708769666962;0.274889682777754
"176";"Lauenroth_2014.csv";"Lauenroth_2014";"SGS-LTER.Field.Station";"SGS-LTER.Field.Station - A";7;"incr.P";1;"5110";14;0.25;95.63;1.34033036362953;366;-0.17517166442359;8.4;0.249994765172047;0;0.0611385764549994;0.154150679827258;0.172958571074231
"177";"Lauenroth_2014.csv";"Lauenroth_2014";"SGS-LTER.Field.Station";"SGS-LTER.Field.Station - A";8;"incr.P";1;"5110";14;0.25;95.63;1.34033036362953;366;-0.17517166442359;8.4;0.249994765172047;0.405465108108164;0.13976552218611;-0.251314428280906;0.0943316253431206
"178";"Lauenroth_2014.csv";"Lauenroth_2014";"SGS-LTER.Field.Station";"SGS-LTER.Field.Station - A";9;"incr.P";1;"5110";14;0.25;95.63;1.34033036362953;366;-0.17517166442359;8.4;0.249994765172047;0.22314355131421;0.425944608876402;-0.0689928714869515;-0.19184746134717
"179";"Lauenroth_2014.csv";"Lauenroth_2014";"SGS-LTER.Field.Station";"SGS-LTER.Field.Station - B";1;"incr.P";1;"5110";14;0.25;95.63;1.34033036362953;366;-0.17517166442359;8.4;0.249994765172047;0.51082562376599;0.763489938636059;-0.356674943938732;-0.529392791106828
"180";"Lauenroth_2014.csv";"Lauenroth_2014";"SGS-LTER.Field.Station";"SGS-LTER.Field.Station - B";10;"incr.P";1;"5110";14;0.25;95.63;1.34033036362953;366;-0.17517166442359;8.4;0.249994765172047;0.22314355131421;0.739535537118879;-0.0689928714869515;-0.50543838958965
"181";"Lauenroth_2014.csv";"Lauenroth_2014";"SGS-LTER.Field.Station";"SGS-LTER.Field.Station - B";2;"incr.P";1;"5110";14;0.25;95.63;1.34033036362953;366;-0.17517166442359;8.4;0.249994765172047;0.336472236621213;0.217181272599939;-0.182321556793955;0.0169158749292907
"182";"Lauenroth_2014.csv";"Lauenroth_2014";"SGS-LTER.Field.Station";"SGS-LTER.Field.Station - B";3;"incr.P";1;"5110";14;0.25;95.63;1.34033036362953;366;-0.17517166442359;8.4;0.249994765172047;0.22314355131421;0.633408775487961;-0.0689928714869515;-0.399311627958731
"183";"Lauenroth_2014.csv";"Lauenroth_2014";"SGS-LTER.Field.Station";"SGS-LTER.Field.Station - B";4;"incr.P";1;"5110";14;0.25;95.63;1.34033036362953;366;-0.17517166442359;8.4;0.249994765172047;0.22314355131421;-0.0348952055621485;-0.0689928714869515;0.268992353091379
"184";"Lauenroth_2014.csv";"Lauenroth_2014";"SGS-LTER.Field.Station";"SGS-LTER.Field.Station - B";5;"incr.P";1;"5110";14;0.25;95.63;1.34033036362953;366;-0.17517166442359;8.4;0.249994765172047;0.693147180559945;0.939502992107047;-0.538996500732687;-0.705405844577817
"185";"Lauenroth_2014.csv";"Lauenroth_2014";"SGS-LTER.Field.Station";"SGS-LTER.Field.Station - B";6;"incr.P";1;"5110";14;0.25;95.63;1.34033036362953;366;-0.17517166442359;8.4;0.249994765172047;0.22314355131421;0.424277879258767;-0.0689928714869515;-0.190180731729538
"186";"Lauenroth_2014.csv";"Lauenroth_2014";"SGS-LTER.Field.Station";"SGS-LTER.Field.Station - B";7;"incr.P";1;"5110";14;0.25;95.63;1.34033036362953;366;-0.17517166442359;8.4;0.249994765172047;0.22314355131421;0.0911987124858518;-0.0689928714869515;0.142898435043379
"187";"Lauenroth_2014.csv";"Lauenroth_2014";"SGS-LTER.Field.Station";"SGS-LTER.Field.Station - B";8;"incr.P";1;"5110";14;0.25;95.63;1.34033036362953;366;-0.17517166442359;8.4;0.249994765172047;0.405465108108164;0.424301435250917;-0.251314428280906;-0.190204287721686
"188";"Lauenroth_2014.csv";"Lauenroth_2014";"SGS-LTER.Field.Station";"SGS-LTER.Field.Station - B";9;"incr.P";1;"5110";14;0.25;95.63;1.34033036362953;366;-0.17517166442359;8.4;0.249994765172047;0.22314355131421;0.249294693557291;-0.0689928714869515;-0.0151975460280611
"189";"Ludewig_2012a.csv";"Ludewig_2012";"Kuhlhausen";"Kuhlhausen - A";1;"decr.P";1;"1095";3;0.25;-14.76143141;-0.222326698039414;540;0.0652660377055406;8.9;0.273758184727489;-0.0512932943875506;-0.284421220735376;0.108451708227499;0.265428506133782
"190";"Ludewig_2012a.csv";"Ludewig_2012";"Kuhlhausen";"Kuhlhausen - B";2;"decr.P";1;"1095";3;0.25;-14.76143141;-0.222326698039414;540;0.0652660377055406;8.9;0.273758184727489;0;0.0076604831609508;0.0571584138399487;-0.0266531977625455
"191";"Ludewig_2012a.csv";"Ludewig_2012";"Kuhlhausen";"Kuhlhausen - C";3;"decr.P";1;"1095";3;0.25;-14.76143141;-0.222326698039414;540;0.0652660377055406;8.9;0.273758184727489;-0.0953101798043252;-0.173262255510994;0.152468593644274;0.1542695409094
"192";"Ludewig_2012a.csv";"Ludewig_2012";"Kuhlhausen";"Kuhlhausen - D";4;"decr.P";1;"1095";3;0.25;-14.76143141;-0.222326698039414;540;0.0652660377055406;8.9;0.273758184727489;0.100083458556983;0.435395866045405;-0.0429250447170341;-0.454388580646999
"193";"Ludewig_2012a.csv";"Ludewig_2012";"Kuhlhausen";"Kuhlhausen - E";5;"decr.P";1;"1095";3;0.25;-14.76143141;-0.222326698039414;540;0.0652660377055406;8.9;0.273758184727489;-0.211309093667207;0.12885631634282;0.268467507507156;-0.147849030944414
"194";"Ludewig_2012a.csv";"Ludewig_2012";"Kuhlhausen";"Kuhlhausen - F";6;"decr.P";1;"1095";3;0.25;-14.76143141;-0.222326698039414;540;0.0652660377055406;8.9;0.273758184727489;0;0.373096784977121;0.0571584138399487;-0.392089499578714
"195";"Ludewig_2012a.csv";"Ludewig_2012";"Kuhlhausen";"Kuhlhausen - G";7;"decr.P";1;"1095";3;0.25;-14.76143141;-0.222326698039414;540;0.0652660377055406;8.9;0.273758184727489;0.162518929497775;0.148957994739423;-0.105360515657826;-0.167950709341016
"196";"Ludewig_2012b.csv";"Ludewig_2012";"Sueckau";"Sueckau - A";1;"decr.P";1;"1095";3;1.25;-13.00904977;-0.197520682667491;610;0.161993848906915;8.7;0.264252816905312;0;0.288999592941088;0.126751705639144;-0.324660393589185
"197";"Ludewig_2012b.csv";"Ludewig_2012";"Sueckau";"Sueckau - B";2;"decr.P";1;"1095";3;1.25;-13.00904977;-0.197520682667491;610;0.161993848906915;8.7;0.264252816905312;0;0.139558691430155;0.126751705639144;-0.175219492078251
"198";"Ludewig_2012b.csv";"Ludewig_2012";"Sueckau";"Sueckau - C";3;"decr.P";1;"1095";3;1.25;-13.00904977;-0.197520682667491;610;0.161993848906915;8.7;0.264252816905312;0.105360515657826;0.0311735086654739;0.0213911899813177;-0.0668343093135697
"199";"Ludewig_2012b.csv";"Ludewig_2012";"Sueckau";"Sueckau - D";4;"decr.P";1;"1095";3;1.25;-13.00904977;-0.197520682667491;610;0.161993848906915;8.7;0.264252816905312;-0.162518929497775;-0.343644681228815;0.289270635136919;0.307983880580717
"200";"Ludewig_2012b.csv";"Ludewig_2012";"Sueckau";"Sueckau - E";5;"decr.P";1;"1095";3;1.25;-13.00904977;-0.197520682667491;610;0.161993848906915;8.7;0.264252816905312;0.0540672212702757;0.58291973706487;0.0726844843688683;-0.618580537712966
"201";"Ludewig_2012b.csv";"Ludewig_2012";"Sueckau";"Sueckau - F";6;"decr.P";1;"1095";3;1.25;-13.00904977;-0.197520682667491;610;0.161993848906915;8.7;0.264252816905312;0.336472236621213;-0.0699473072805863;-0.209720530982069;0.0342865066324918
"202";"Ludewig_2012b.csv";"Ludewig_2012";"Sueckau";"Sueckau - G";7;"decr.P";1;"1095";3;1.25;-13.00904977;-0.197520682667491;610;0.161993848906915;8.7;0.264252816905312;0.117783035656383;0.315102424450895;0.00896866998276047;-0.35076322509899
"203";"Mariotte_2013.csv";"Mariotte_2013";"Agroscope Changins-W€adenswil Research Station,";"Agroscope Changins-W€adenswil Research Station, - A";1;"decr.P";1;"1095";3;0.25;-20;-0.296481785038848;1443;1.31305480220327;5.3;0.102661563928308;0;-0.479116314233933;0.113328685307003;0.443413847545257
"204";"Mariotte_2013.csv";"Mariotte_2013";"Agroscope Changins-W€adenswil Research Station,";"Agroscope Changins-W€adenswil Research Station, - A";2;"decr.P";1;"1095";3;0.25;-20;-0.296481785038848;1443;1.31305480220327;5.3;0.102661563928308;-0.146603474191876;-0.121015466434771;0.259932159498878;0.0853129997460917
"205";"Mariotte_2013.csv";"Mariotte_2013";"Agroscope Changins-W€adenswil Research Station,";"Agroscope Changins-W€adenswil Research Station, - A";3;"decr.P";1;"1095";3;0.25;-20;-0.296481785038848;1443;1.31305480220327;5.3;0.102661563928308;-0.167054084663166;-0.0317250888144551;0.280382769970169;-0.00397737787422126
"206";"Mariotte_2013.csv";"Mariotte_2013";"Agroscope Changins-W€adenswil Research Station,";"Agroscope Changins-W€adenswil Research Station, - A";4;"decr.P";1;"1095";3;0.25;-20;-0.296481785038848;1443;1.31305480220327;5.3;0.102661563928308;0.587786664902119;0.183103266450973;-0.474457979595116;-0.21880573313965
"207";"Mariotte_2013.csv";"Mariotte_2013";"Agroscope Changins-W€adenswil Research Station,";"Agroscope Changins-W€adenswil Research Station, - A";5;"decr.P";1;"1095";3;0.25;-20;-0.296481785038848;1443;1.31305480220327;5.3;0.102661563928308;0.207639364778244;0.446702011096611;-0.0943106794712414;-0.482404477785288
"208";"Miranda_2009a.csv";"Miranda_2009";"Cabo_de_Gata";"Cabo_de_Gata - A";1;"decr.P";1;"210";0.5;0.08;-22.4;-0.330455227543424;226;-0.368627286826339;18;0.70625242063653;-0.847297860387203;-0.14667487457382;0.773189888233482;0.172292483818508
"209";"Miranda_2009a.csv";"Miranda_2009";"Cabo_de_Gata";"Cabo_de_Gata - A";2;"decr.P";1;"210";0.5;0.08;-22.4;-0.330455227543424;226;-0.368627286826339;18;0.70625242063653;0.182321556793955;0.135816241854934;-0.256429528947676;-0.110198632610249
"210";"Miranda_2009a.csv";"Miranda_2009";"Cabo_de_Gata";"Cabo_de_Gata - A";3;"decr.P";1;"210";0.5;0.08;-22.4;-0.330455227543424;226;-0.368627286826339;18;0.70625242063653;-0.22314355131421;-0.209877425243758;0.149035579160488;0.235495034488443
"211";"Miranda_2009a.csv";"Miranda_2009";"Cabo_de_Gata";"Cabo_de_Gata - A";4;"decr.P";1;"210";0.5;0.08;-22.4;-0.330455227543424;226;-0.368627286826339;18;0.70625242063653;0.182321556793955;0.124051164664418;-0.256429528947676;-0.0984335554197321
"212";"Miranda_2009a.csv";"Miranda_2009";"Cabo_de_Gata";"Cabo_de_Gata - A";5;"decr.P";1;"210";0.5;0.08;-22.4;-0.330455227543424;226;-0.368627286826339;18;0.70625242063653;0.182321556793955;0.0139303478857828;-0.256429528947676;0.0116872613589062
"213";"Miranda_2009a.csv";"Miranda_2009";"Cabo_de_Gata";"Cabo_de_Gata - A";3;"decr.P";3;"210";0.5;0.08;-22.4;-0.330455227543424;226;-0.368627286826339;18;0.70625242063653;0.336472236621213;-0.280661531996102;0.149035579160488;0.0107255758551307
"214";"Miranda_2009a.csv";"Miranda_2009";"Cabo_de_Gata";"Cabo_de_Gata - A";1;"decr.P";2;"210";0.5;0.08;-22.4;-0.330455227543424;226;-0.368627286826339;18;0.70625242063653;0.22314355131421;-0.165814371763131;-0.423814246776361;0.237083639547508
"215";"Miranda_2009a.csv";"Miranda_2009";"Cabo_de_Gata";"Cabo_de_Gata - A";1;"decr.P";3;"210";0.5;0.08;-22.4;-0.330455227543424;226;-0.368627286826339;18;0.70625242063653;0.847297860387203;0.109665163135802;-0.361790044605503;-0.379601119276776
"216";"Miranda_2009a.csv";"Miranda_2009";"Cabo_de_Gata";"Cabo_de_Gata - A";2;"decr.P";3;"210";0.5;0.08;-22.4;-0.330455227543424;226;-0.368627286826339;18;0.70625242063653;-0.22314355131421;0.0594370221942961;0.70865136709591;-0.329372978335271
"217";"Miranda_2009a.csv";"Miranda_2009";"Cabo_de_Gata";"Cabo_de_Gata - A";4;"decr.P";2;"210";0.5;0.08;-22.4;-0.330455227543424;226;-0.368627286826339;18;0.70625242063653;0.287682072451781;-0.292206223868405;-0.488352767913932;0.363475491652782
"218";"Miranda_2009a.csv";"Miranda_2009";"Cabo_de_Gata";"Cabo_de_Gata - A";5;"decr.P";2;"210";0.5;0.08;-22.4;-0.330455227543424;226;-0.368627286826339;18;0.70625242063653;0.405465108108164;0.288488840465268;-0.606135803570315;-0.217219572680889
"219";"Miranda_2009a.csv";"Miranda_2009";"Cabo_de_Gata";"Cabo_de_Gata - A";2;"decr.P";2;"210";0.5;0.08;-22.4;-0.330455227543424;226;-0.368627286826339;18;0.70625242063653;0;-0.2581200565668;-0.200670695462151;0.329389324351174
"220";"Miranda_2009a.csv";"Miranda_2009";"Cabo_de_Gata";"Cabo_de_Gata - A";3;"decr.P";2;"210";0.5;0.08;-22.4;-0.330455227543424;226;-0.368627286826339;18;0.70625242063653;-0.405465108108164;-0.3746138657856;0.204794412646013;0.445883133569976
"221";"Miranda_2009a.csv";"Miranda_2009";"Cabo_de_Gata";"Cabo_de_Gata - A";4;"decr.P";3;"210";0.5;0.08;-22.4;-0.330455227543424;226;-0.368627286826339;18;0.70625242063653;0.405465108108164;-0.247519400802575;0.0800427076735364;-0.0224165553383986
"222";"Miranda_2009a.csv";"Miranda_2009";"Cabo_de_Gata";"Cabo_de_Gata - A";5;"decr.P";3;"210";0.5;0.08;-22.4;-0.330455227543424;226;-0.368627286826339;18;0.70625242063653;-0.51082562376599;-0.149690523561839;0.996333439547691;-0.120245432579135
"223";"Miranda_2009b.csv";"Miranda_2009";"Cabo_de_Gata";"Cabo_de_Gata - A";1;"decr.P";1;"210";0.5;0.08;-44.8;-0.647540690919465;226;-0.368627286826339;18;0.70625242063653;-0.559615787935423;-0.313818606040098;0.22314355131421;0.470304644780885
"224";"Miranda_2009b.csv";"Miranda_2009";"Cabo_de_Gata";"Cabo_de_Gata - A";2;"decr.P";1;"210";0.5;0.08;-44.8;-0.647540690919465;226;-0.368627286826339;18;0.70625242063653;-0.22314355131421;0.0464968254075556;-0.113328685307003;0.109989213333235
"225";"Miranda_2009b.csv";"Miranda_2009";"Cabo_de_Gata";"Cabo_de_Gata - A";3;"decr.P";1;"210";0.5;0.08;-44.8;-0.647540690919465;226;-0.368627286826339;18;0.70625242063653;-0.22314355131421;-0.0797638100710512;-0.113328685307003;0.236249848811842
"226";"Miranda_2009b.csv";"Miranda_2009";"Cabo_de_Gata";"Cabo_de_Gata - A";4;"decr.P";1;"210";0.5;0.08;-44.8;-0.647540690919465;226;-0.368627286826339;18;0.70625242063653;0.336472236621213;0.453339118295513;-0.672944473242426;-0.296853079554722
"227";"Miranda_2009b.csv";"Miranda_2009";"Cabo_de_Gata";"Cabo_de_Gata - A";5;"decr.P";1;"210";0.5;0.08;-44.8;-0.647540690919465;226;-0.368627286826339;18;0.70625242063653;0;0.224703274260438;-0.336472236621213;-0.0682172355196474
"228";"Miranda_2009b.csv";"Miranda_2009";"Cabo_de_Gata";"Cabo_de_Gata - A";3;"decr.P";3;"210";0.5;0.08;-44.8;-0.647540690919465;226;-0.368627286826339;18;0.70625242063653;0;-0.0353820932803373;0.22314355131421;-0.109162578070843
"229";"Miranda_2009b.csv";"Miranda_2009";"Cabo_de_Gata";"Cabo_de_Gata - A";1;"decr.P";2;"210";0.5;0.08;-44.8;-0.647540690919465;226;-0.368627286826339;18;0.70625242063653;0;-0.384861410804962;0;0.332636593035053
"230";"Miranda_2009b.csv";"Miranda_2009";"Cabo_de_Gata";"Cabo_de_Gata - A";1;"decr.P";3;"210";0.5;0.08;-44.8;-0.647540690919465;226;-0.368627286826339;18;0.70625242063653;0;-0.0150940252261761;0.22314355131421;-0.129450646125006
"231";"Miranda_2009b.csv";"Miranda_2009";"Cabo_de_Gata";"Cabo_de_Gata - A";2;"decr.P";3;"210";0.5;0.08;-44.8;-0.647540690919465;226;-0.368627286826339;18;0.70625242063653;-0.51082562376599;-0.475909012815806;0.7339691750802;0.331364341464622
"232";"Miranda_2009b.csv";"Miranda_2009";"Cabo_de_Gata";"Cabo_de_Gata - A";4;"decr.P";2;"210";0.5;0.08;-44.8;-0.647540690919465;226;-0.368627286826339;18;0.70625242063653;0;-0.303665427263614;0;0.251440609493703
"233";"Miranda_2009b.csv";"Miranda_2009";"Cabo_de_Gata";"Cabo_de_Gata - A";5;"decr.P";2;"210";0.5;0.08;-44.8;-0.647540690919465;226;-0.368627286826339;18;0.70625242063653;-0.287682072451781;-0.646035581357635;0.287682072451781;0.593810763587728
"234";"Miranda_2009b.csv";"Miranda_2009";"Cabo_de_Gata";"Cabo_de_Gata - A";2;"decr.P";2;"210";0.5;0.08;-44.8;-0.647540690919465;226;-0.368627286826339;18;0.70625242063653;0.22314355131421;-0.581972258932694;-0.22314355131421;0.529747441162784
"235";"Miranda_2009b.csv";"Miranda_2009";"Cabo_de_Gata";"Cabo_de_Gata - A";3;"decr.P";2;"210";0.5;0.08;-44.8;-0.647540690919465;226;-0.368627286826339;18;0.70625242063653;0.287682072451781;-0.208787145501456;-0.287682072451781;0.156562327731549
"236";"Miranda_2009b.csv";"Miranda_2009";"Cabo_de_Gata";"Cabo_de_Gata - A";4;"decr.P";3;"210";0.5;0.08;-44.8;-0.647540690919465;226;-0.368627286826339;18;0.70625242063653;0;-0.317830037407305;0.22314355131421;0.173285366056121
"237";"Miranda_2009b.csv";"Miranda_2009";"Cabo_de_Gata";"Cabo_de_Gata - A";5;"decr.P";3;"210";0.5;0.08;-44.8;-0.647540690919465;226;-0.368627286826339;18;0.70625242063653;0;-0.131695125249039;0.22314355131421;-0.0128495461021454
"238";"Miranda_2009c.csv";"Miranda_2009";"El_Cautivo";"El_Cautivo - A";1;"decr.P";1;"210";0.5;0.08;-26.95652174;-0.394955531441232;320;-0.238735654641636;16;0.611198742414763;0;0;-0.51082562376599;0.0538767033076483
"239";"Miranda_2009c.csv";"Miranda_2009";"El_Cautivo";"El_Cautivo - A";3;"decr.P";1;"210";0.5;0.08;-26.95652174;-0.394955531441232;320;-0.238735654641636;16;0.611198742414763;0;0.159292094697005;-0.510825623765991;-0.10541539138936
"240";"Miranda_2009c.csv";"Miranda_2009";"El_Cautivo";"El_Cautivo - A";5;"decr.P";1;"210";0.5;0.08;-26.95652174;-0.394955531441232;320;-0.238735654641636;16;0.611198742414763;-0.51082562376599;-0.521533703753727;0;0.575410407061376
"241";"Miranda_2009c.csv";"Miranda_2009";"El_Cautivo";"El_Cautivo - A";1;"decr.P";3;"210";0.5;0.08;-26.95652174;-0.394955531441232;320;-0.238735654641636;16;0.611198742414763;0.405465108108164;0.658744903519013;-0.405465108108164;-0.658987471525763
"242";"Miranda_2009c.csv";"Miranda_2009";"El_Cautivo";"El_Cautivo - A";2;"decr.P";3;"210";0.5;0.08;-26.95652174;-0.394955531441232;320;-0.238735654641636;16;0.611198742414763;0;0.566371754979658;0;-0.566614322986408
"243";"Miranda_2009c.csv";"Miranda_2009";"El_Cautivo";"El_Cautivo - A";3;"decr.P";3;"210";0.5;0.08;-26.95652174;-0.394955531441232;320;-0.238735654641636;16;0.611198742414763;-1.38629436111989;-0.794620617468469;1.38629436111989;0.794378049461719
"244";"Miranda_2009c.csv";"Miranda_2009";"El_Cautivo";"El_Cautivo - A";4;"decr.P";3;"210";0.5;0.08;-26.95652174;-0.394955531441232;320;-0.238735654641636;16;0.611198742414763;0;0.127230776076633;0;-0.127473344083382
"245";"Miranda_2009c.csv";"Miranda_2009";"El_Cautivo";"El_Cautivo - A";1;"decr.P";2;"210";0.5;0.08;-26.95652174;-0.394955531441232;320;-0.238735654641636;16;0.611198742414763;1.6094379124341;0.111503895628018;-1.42711635564015;-0.179346498953111
"246";"Miranda_2009c.csv";"Miranda_2009";"El_Cautivo";"El_Cautivo - A";2;"decr.P";2;"210";0.5;0.08;-26.95652174;-0.394955531441232;320;-0.238735654641636;16;0.611198742414763;0;-0.515480248282832;0.182321556793955;0.447637644957733
"247";"Miranda_2009c.csv";"Miranda_2009";"El_Cautivo";"El_Cautivo - A";3;"decr.P";2;"210";0.5;0.08;-26.95652174;-0.394955531441232;320;-0.238735654641636;16;0.611198742414763;0.693147180559945;0.0432526851777851;-0.51082562376599;-0.111095288502881
"248";"Miranda_2009c.csv";"Miranda_2009";"El_Cautivo";"El_Cautivo - A";4;"decr.P";2;"210";0.5;0.08;-26.95652174;-0.394955531441232;320;-0.238735654641636;16;0.611198742414763;0;-0.0053316174224694;0.182321556793955;-0.0625109859026228
"249";"Miranda_2009c.csv";"Miranda_2009";"El_Cautivo";"El_Cautivo - A";5;"decr.P";2;"210";0.5;0.08;-26.95652174;-0.394955531441232;320;-0.238735654641636;16;0.611198742414763;-0.693147180559945;-0.14835032284273;0.8754687373539;0.0805077195176335
"250";"Miranda_2009c.csv";"Miranda_2009";"El_Cautivo";"El_Cautivo - A";5;"decr.P";3;"210";0.5;0.08;-26.95652174;-0.394955531441232;320;-0.238735654641636;16;0.611198742414763;-1.09861228866811;-0.71481821533489;1.09861228866811;0.714575647328141
"251";"Miranda_2009d.csv";"Miranda_2009";"El_Cautivo";"El_Cautivo - A";2;"decr.P";2;"210";0.5;0.08;-51.30434783;-0.739613643849577;320;-0.238735654641636;16;0.611198742414763;-0.693147180559945;-0.563420800773328;1.02961941718116;0.514965132247592
"252";"Miranda_2009d.csv";"Miranda_2009";"El_Cautivo";"El_Cautivo - A";4;"decr.P";2;"210";0.5;0.08;-51.30434783;-0.739613643849577;320;-0.238735654641636;16;0.611198742414763;0.693147180559945;0.420151546069123;-0.356674943938732;-0.468607214594856
"253";"Miranda_2009d.csv";"Miranda_2009";"El_Cautivo";"El_Cautivo - A";5;"decr.P";2;"210";0.5;0.08;-51.30434783;-0.739613643849577;320;-0.238735654641636;16;0.611198742414763;0;0.919718863140715;0.336472236621213;-0.968174531666451
"254";"Miranda_2009d.csv";"Miranda_2009";"El_Cautivo";"El_Cautivo - A";1;"decr.P";2;"210";0.5;0.08;-51.30434783;-0.739613643849577;320;-0.238735654641636;16;0.611198742414763;0;0;0.336472236621213;-0.0484556685257336
"255";"Miranda_2009d.csv";"Miranda_2009";"El_Cautivo";"El_Cautivo - A";2;"decr.P";1;"210";0.5;0.08;-51.30434783;-0.739613643849577;320;-0.238735654641636;16;0.611198742414763;0.693147180559945;0.462320847431724;-1.6094379124341;-0.516635071132609
"256";"Miranda_2009d.csv";"Miranda_2009";"El_Cautivo";"El_Cautivo - A";3;"decr.P";1;"210";0.5;0.08;-51.30434783;-0.739613643849577;320;-0.238735654641636;16;0.611198742414763;-0.693147180559945;-0.0651316347564281;-0.22314355131421;0.0108174110555418
"257";"Miranda_2009d.csv";"Miranda_2009";"El_Cautivo";"El_Cautivo - A";4;"decr.P";1;"210";0.5;0.08;-51.30434783;-0.739613643849577;320;-0.238735654641636;16;0.611198742414763;-1.6094379124341;-0.56654846032707;0.693147180559945;0.512234236626187
"258";"Miranda_2009d.csv";"Miranda_2009";"El_Cautivo";"El_Cautivo - A";1;"decr.P";1;"210";0.5;0.08;-51.30434783;-0.739613643849577;320;-0.238735654641636;16;0.611198742414763;0;0;-0.916290731874155;-0.0543142237008828
"259";"Miranda_2009e.csv";"Miranda_2009";"Tabernas_PSA";"Tabernas_PSA - A";1;"decr.P";1;"210";0.5;0.08;-28;-0.409726593387434;315;-0.245644784013163;16.1;0.615951426325852;-1.79175946922805;-1.63469040803102;1.01856958099457;1.87965623474142
"260";"Miranda_2009e.csv";"Miranda_2009";"Tabernas_PSA";"Tabernas_PSA - A";2;"decr.P";1;"210";0.5;0.08;-28;-0.409726593387434;315;-0.245644784013163;16.1;0.615951426325852;-0.133531392624523;-0.268210896198377;-0.639658495608959;0.513176722908778
"261";"Miranda_2009e.csv";"Miranda_2009";"Tabernas_PSA";"Tabernas_PSA - A";3;"decr.P";2;"210";0.5;0.08;-28;-0.409726593387434;315;-0.245644784013163;16.1;0.615951426325852;1.38629436111989;-0.217341239903961;-1.38629436111989;0.224009422669077
"262";"Miranda_2009e.csv";"Miranda_2009";"Tabernas_PSA";"Tabernas_PSA - A";4;"decr.P";2;"210";0.5;0.08;-28;-0.409726593387434;315;-0.245644784013163;16.1;0.615951426325852;1.09861228866811;0.459557027906099;-1.09861228866811;-0.452888845140986
"263";"Miranda_2009e.csv";"Miranda_2009";"Tabernas_PSA";"Tabernas_PSA - A";1;"decr.P";2;"210";0.5;0.08;-28;-0.409726593387434;315;-0.245644784013163;16.1;0.615951426325852;-0.8754687373539;-0.793569848766119;0.8754687373539;0.800238031531237
"264";"Miranda_2009e.csv";"Miranda_2009";"Tabernas_PSA";"Tabernas_PSA - A";2;"decr.P";2;"210";0.5;0.08;-28;-0.409726593387434;315;-0.245644784013163;16.1;0.615951426325852;0;0.112002476144767;0;-0.105334293379654
"265";"Miranda_2009e.csv";"Miranda_2009";"Tabernas_PSA";"Tabernas_PSA - A";4;"decr.P";1;"210";0.5;0.08;-28;-0.409726593387434;315;-0.245644784013163;16.1;0.615951426325852;-1.01160091167848;-0.289740855582024;0.238411023444998;0.534706682292425
"266";"Miranda_2009e.csv";"Miranda_2009";"Tabernas_PSA";"Tabernas_PSA - A";5;"decr.P";1;"210";0.5;0.08;-28;-0.409726593387434;315;-0.245644784013163;16.1;0.615951426325852;-0.405465108108165;-0.232958637044914;-0.367724780125317;0.477924463755314
"267";"Miranda_2009e.csv";"Miranda_2009";"Tabernas_PSA";"Tabernas_PSA - A";5;"decr.P";2;"210";0.5;0.08;-28;-0.409726593387434;315;-0.245644784013163;16.1;0.615951426325852;-0.22314355131421;0.126048701676318;0.22314355131421;-0.119380518911208
"268";"Miranda_2009e.csv";"Miranda_2009";"Tabernas_PSA";"Tabernas_PSA - A";3;"decr.P";1;"210";0.5;0.08;-28;-0.409726593387434;315;-0.245644784013163;16.1;0.615951426325852;0;0.178586749888668;-0.773189888233482;0.0663790768217314
"269";"Miranda_2009e.csv";"Miranda_2009";"Tabernas_PSA";"Tabernas_PSA - A";1;"decr.P";3;"210";0.5;0.08;-28;-0.409726593387434;315;-0.245644784013163;16.1;0.615951426325852;-0.847297860387203;0.0584044397671099;0.541916210836022;0.080129779899316
"270";"Miranda_2009e.csv";"Miranda_2009";"Tabernas_PSA";"Tabernas_PSA - A";2;"decr.P";3;"210";0.5;0.08;-28;-0.409726593387434;315;-0.245644784013163;16.1;0.615951426325852;0.51082562376599;0.351482524154087;-0.816207273317173;-0.212948304487663
"271";"Miranda_2009e.csv";"Miranda_2009";"Tabernas_PSA";"Tabernas_PSA - A";3;"decr.P";3;"210";0.5;0.08;-28;-0.409726593387434;315;-0.245644784013163;16.1;0.615951426325852;0.133531392624523;0.496661488901588;-0.438913042175705;-0.358127269235157
"272";"Miranda_2009e.csv";"Miranda_2009";"Tabernas_PSA";"Tabernas_PSA - A";4;"decr.P";3;"210";0.5;0.08;-28;-0.409726593387434;315;-0.245644784013163;16.1;0.615951426325852;-0.405465108108164;-0.259691310184833;0.100083458556983;0.398225529851264
"273";"Miranda_2009e.csv";"Miranda_2009";"Tabernas_PSA";"Tabernas_PSA - A";5;"decr.P";3;"210";0.5;0.08;-28;-0.409726593387434;315;-0.245644784013163;16.1;0.615951426325852;-0.405465108108165;0.150437088953698;0.100083458556983;-0.011902869287266
"274";"Miranda_2009f.csv";"Miranda_2009";"Tabernas_PSA";"Tabernas_PSA - A";1;"decr.P";1;"210";0.5;0.08;-56;-0.806083422607486;315;-0.245644784013163;16.1;0.615951426325852;-0.693147180559945;-1.49169798062525;0.325422400434628;1.60394475902196
"275";"Miranda_2009f.csv";"Miranda_2009";"Tabernas_PSA";"Tabernas_PSA - A";2;"decr.P";1;"210";0.5;0.08;-56;-0.806083422607486;315;-0.245644784013163;16.1;0.615951426325852;0.117783035656384;0.37486051924152;-0.485507815781701;-0.262613740844812
"276";"Miranda_2009f.csv";"Miranda_2009";"Tabernas_PSA";"Tabernas_PSA - A";3;"decr.P";2;"210";0.5;0.08;-56;-0.806083422607486;315;-0.245644784013163;16.1;0.615951426325852;1.25276296849537;-0.172098165210887;-1.68808103975321;0.339346097403747
"277";"Miranda_2009f.csv";"Miranda_2009";"Tabernas_PSA";"Tabernas_PSA - A";4;"decr.P";2;"210";0.5;0.08;-56;-0.806083422607486;315;-0.245644784013163;16.1;0.615951426325852;0.405465108108164;0.208799643384902;-0.84078317936601;-0.041551711192042
"278";"Miranda_2009f.csv";"Miranda_2009";"Tabernas_PSA";"Tabernas_PSA - A";1;"decr.P";2;"210";0.5;0.08;-56;-0.806083422607486;315;-0.245644784013163;16.1;0.615951426325852;-2.484906649788;-0.932685937806196;2.04958857853015;1.09993386999906
"279";"Miranda_2009f.csv";"Miranda_2009";"Tabernas_PSA";"Tabernas_PSA - A";2;"decr.P";2;"210";0.5;0.08;-56;-0.806083422607486;315;-0.245644784013163;16.1;0.615951426325852;0;-0.664777893412826;-0.435318071257845;0.832025825605687
"280";"Miranda_2009f.csv";"Miranda_2009";"Tabernas_PSA";"Tabernas_PSA - A";4;"decr.P";1;"210";0.5;0.08;-56;-0.806083422607486;315;-0.245644784013163;16.1;0.615951426325852;-0.78845736036427;-0.221837040028089;0.420732580238953;0.334083818424796
"281";"Miranda_2009f.csv";"Miranda_2009";"Tabernas_PSA";"Tabernas_PSA - A";5;"decr.P";1;"210";0.5;0.08;-56;-0.806083422607486;315;-0.245644784013163;16.1;0.615951426325852;-0.810930216216329;0.0870126458277217;0.443205436091012;0.0252341325689857
"282";"Miranda_2009f.csv";"Miranda_2009";"Tabernas_PSA";"Tabernas_PSA - A";5;"decr.P";2;"210";0.5;0.08;-56;-0.806083422607486;315;-0.245644784013163;16.1;0.615951426325852;0.182321556793955;0.412415517575353;-0.6176396280518;-0.245167585382492
"283";"Miranda_2009f.csv";"Miranda_2009";"Tabernas_PSA";"Tabernas_PSA - A";3;"decr.P";1;"210";0.5;0.08;-56;-0.806083422607486;315;-0.245644784013163;16.1;0.615951426325852;0;-0.134066214344104;-0.367724780125317;0.246312992740809
"284";"Miranda_2009f.csv";"Miranda_2009";"Tabernas_PSA";"Tabernas_PSA - A";1;"decr.P";3;"210";0.5;0.08;-56;-0.806083422607486;315;-0.245644784013163;16.1;0.615951426325852;-0.559615787935423;-0.0966061108153344;0.0130720815673526;0.348858996493382
"285";"Miranda_2009f.csv";"Miranda_2009";"Tabernas_PSA";"Tabernas_PSA - A";2;"decr.P";3;"210";0.5;0.08;-56;-0.806083422607486;315;-0.245644784013163;16.1;0.615951426325852;-0.405465108108164;0.233682441363028;-0.141078598259905;0.0185704443150207
"286";"Miranda_2009f.csv";"Miranda_2009";"Tabernas_PSA";"Tabernas_PSA - A";3;"decr.P";3;"210";0.5;0.08;-56;-0.806083422607486;315;-0.245644784013163;16.1;0.615951426325852;-1.25276296849537;0.484283597685132;0.706219262127298;-0.232030712007083
"287";"Miranda_2009f.csv";"Miranda_2009";"Tabernas_PSA";"Tabernas_PSA - A";4;"decr.P";3;"210";0.5;0.08;-56;-0.806083422607486;315;-0.245644784013163;16.1;0.615951426325852;-0.405465108108164;0.0207824378182626;-0.141078598259905;0.231470447859788
"288";"Miranda_2009f.csv";"Miranda_2009";"Tabernas_PSA";"Tabernas_PSA - A";5;"decr.P";3;"210";0.5;0.08;-56;-0.806083422607486;315;-0.245644784013163;16.1;0.615951426325852;-0.405465108108165;-0.0651317967718179;-0.141078598259906;0.31738468244987
"289";"Mueller_2016a.csv";"Mueller_2016";"Cheyenne";"Cheyenne - A";1;"incr.P";1;"2555";7;1.5;30.22670025;0.414507345435295;366;-0.17517166442359;7;0.18345719041681;0;-0.039499470204067;0.182321556793955;-0.0258306318907198
"290";"Mueller_2016a.csv";"Mueller_2016";"Cheyenne";"Cheyenne - A";2;"incr.P";1;"2555";7;1.5;30.22670025;0.414507345435295;366;-0.17517166442359;7;0.18345719041681;0.22314355131421;0.213311288826749;-0.0408219945202551;-0.278641390921535
"291";"Mueller_2016a.csv";"Mueller_2016";"Cheyenne";"Cheyenne - B";3;"incr.P";1;"2555";7;1.5;30.22670025;0.414507345435295;366;-0.17517166442359;7;0.18345719041681;0.194156014440958;0.0364022133910902;-0.0118344576470028;-0.101732315485875
"292";"Mueller_2016a.csv";"Mueller_2016";"Cheyenne";"Cheyenne - B";4;"incr.P";1;"2555";7;1.5;30.22670025;0.414507345435295;366;-0.17517166442359;7;0.18345719041681;-0.0870113769896297;-0.403424130533005;0.269332933783584;0.338094028438219
"293";"Mueller_2016a.csv";"Mueller_2016";"Cheyenne";"Cheyenne - B";5;"incr.P";1;"2555";7;1.5;30.22670025;0.414507345435295;366;-0.17517166442359;7;0.18345719041681;-0.182321556793954;-0.2033672022984;0.364643113587909;0.138037100203615
"299";"Prevey_2014a.csv";"Prevey_2014";"Boulder";"Boulder - A";1;"incr.P";1;"1095";3;4;25.67647059;0.350096109711701;420;-0.100553067211101;8.3;0.245242081260959;0.693147180559945;0.243298388424183;-0.526093095896779;-0.371531470635366
"300";"Prevey_2014a.csv";"Prevey_2014";"Boulder";"Boulder - B";2;"incr.P";1;"1095";3;4;25.67647059;0.350096109711701;420;-0.100553067211101;8.3;0.245242081260959;0;0.00396882301470047;0.167054084663166;-0.132201905225883
"301";"Prevey_2014a.csv";"Prevey_2014";"Boulder";"Boulder - C";3;"incr.P";1;"1095";3;4;25.67647059;0.350096109711701;420;-0.100553067211101;8.3;0.245242081260959;0.693147180559945;0.659245628470471;-0.526093095896779;-0.787478710681655
"302";"Prevey_2014a.csv";"Prevey_2014";"Boulder";"Boulder - D";4;"incr.P";1;"1095";3;4;25.67647059;0.350096109711701;420;-0.100553067211101;8.3;0.245242081260959;-0.405465108108164;-0.332590621489207;0.57251919277133;0.204357539278021
"303";"Prevey_2014a.csv";"Prevey_2014";"Boulder";"Boulder - E";5;"incr.P";1;"1095";3;4;25.67647059;0.350096109711701;420;-0.100553067211101;8.3;0.245242081260959;-0.51082562376599;-0.666951205576378;0.677879708429157;0.538718123365197
"304";"Prevey_2014a.csv";"Prevey_2014";"Boulder";"Boulder - F";6;"incr.P";1;"1095";3;4;25.67647059;0.350096109711701;420;-0.100553067211101;8.3;0.245242081260959;0.693147180559946;0.636377354487682;-0.526093095896779;-0.764610436698864
"305";"Prevey_2014a.csv";"Prevey_2014";"Boulder";"Boulder - G";7;"incr.P";1;"1095";3;4;25.67647059;0.350096109711701;420;-0.100553067211101;8.3;0.245242081260959;-0.693147180559945;-0.536527973106518;0.860201265223111;0.408294890895335
"306";"Prevey_2014a.csv";"Prevey_2014";"Boulder";"Boulder - H";8;"incr.P";1;"1095";3;4;25.67647059;0.350096109711701;420;-0.100553067211101;8.3;0.245242081260959;0.693147180559945;0.614638875837281;-0.526093095896779;-0.742871958048462
"307";"Prevey_2014a.csv";"Prevey_2014";"Boulder";"Boulder - I";9;"incr.P";1;"1095";3;4;25.67647059;0.350096109711701;420;-0.100553067211101;8.3;0.245242081260959;0.287682072451781;0.564568375257588;-0.120627987788615;-0.692801457468769
"308";"Prevey_2014a.csv";"Prevey_2014";"Boulder";"Boulder - J";10;"incr.P";1;"1095";3;4;25.67647059;0.350096109711701;420;-0.100553067211101;8.3;0.245242081260959;0.22314355131421;-0.464138512440396;-0.0560894666510435;0.335905430229212
"309";"Prevey_2014b.csv";"Prevey_2014";"Boulder";"Boulder - A";1;"decr.P";2;"1095";3;4;-3.838630807;-0.0677078904248439;420;-0.100553067211101;8.3;0.245242081260959;1.09861228866811;0.661501268905792;-1.01160091167848;-0.69862759050029
"310";"Prevey_2014b.csv";"Prevey_2014";"Boulder";"Boulder - B";2;"decr.P";2;"1095";3;4;-3.838630807;-0.0677078904248439;420;-0.100553067211101;8.3;0.245242081260959;0;-0.0618488673944471;0.0870113769896296;0.0247225457999484
"311";"Prevey_2014b.csv";"Prevey_2014";"Boulder";"Boulder - C";3;"decr.P";2;"1095";3;4;-3.838630807;-0.0677078904248439;420;-0.100553067211101;8.3;0.245242081260959;0;-0.304462583976529;0.0870113769896297;0.267336262382031
"312";"Prevey_2014b.csv";"Prevey_2014";"Boulder";"Boulder - D";4;"decr.P";2;"1095";3;4;-3.838630807;-0.0677078904248439;420;-0.100553067211101;8.3;0.245242081260959;-0.405465108108164;-0.294095861558233;0.492476485097794;0.256969539963728
"313";"Prevey_2014b.csv";"Prevey_2014";"Boulder";"Boulder - E";5;"decr.P";2;"1095";3;4;-3.838630807;-0.0677078904248439;420;-0.100553067211101;8.3;0.245242081260959;-0.22314355131421;-0.733347511014825;0.31015492830384;0.696221189420329
"314";"Prevey_2014b.csv";"Prevey_2014";"Boulder";"Boulder - F";6;"decr.P";2;"1095";3;4;-3.838630807;-0.0677078904248439;420;-0.100553067211101;8.3;0.245242081260959;-0.916290731874155;-0.939618670723786;1.00330210886378;0.902492349129284
"315";"Prevey_2014b.csv";"Prevey_2014";"Boulder";"Boulder - G";7;"decr.P";2;"1095";3;4;-3.838630807;-0.0677078904248439;420;-0.100553067211101;8.3;0.245242081260959;0.405465108108164;0.284452578963312;-0.318453731118535;-0.321578900557811
"316";"Prevey_2014b.csv";"Prevey_2014";"Boulder";"Boulder - H";8;"decr.P";2;"1095";3;4;-3.838630807;-0.0677078904248439;420;-0.100553067211101;8.3;0.245242081260959;0.693147180559945;0.604576147291834;-0.606135803570315;-0.641702468886333
"317";"Prevey_2014b.csv";"Prevey_2014";"Boulder";"Boulder - I";9;"decr.P";2;"1095";3;4;-3.838630807;-0.0677078904248439;420;-0.100553067211101;8.3;0.245242081260959;-0.405465108108164;0.175632568176044;0.492476485097794;-0.212758889770542
"318";"Prevey_2014b.csv";"Prevey_2014";"Boulder";"Boulder - J";10;"decr.P";2;"1095";3;4;-3.838630807;-0.0677078904248439;420;-0.100553067211101;8.3;0.245242081260959;-1.38629436111989;-0.744440474947496;1.47330573810952;0.707314153352997
"319";"Prevey_2014c.csv";"Prevey_2014";"Boulder";"Boulder - A";1;"incr.P";3;"1095";3;4;40.41564792;0.55873802370566;420;-0.100553067211101;8.3;0.245242081260959;0.693147180559945;0.132934952893258;-0.382992252256106;-0.345425585438288
"320";"Prevey_2014c.csv";"Prevey_2014";"Boulder";"Boulder - B";2;"incr.P";3;"1095";3;4;40.41564792;0.55873802370566;420;-0.100553067211101;8.3;0.245242081260959;0.182321556793955;-0.0599947000672491;0.127833371509885;-0.152495932477784
"321";"Prevey_2014c.csv";"Prevey_2014";"Boulder";"Boulder - C";3;"incr.P";3;"1095";3;4;40.41564792;0.55873802370566;420;-0.100553067211101;8.3;0.245242081260959;0;-0.419471692430187;0.310154928303839;0.206981059885157
"322";"Prevey_2014c.csv";"Prevey_2014";"Boulder";"Boulder - D";4;"incr.P";3;"1095";3;4;40.41564792;0.55873802370566;420;-0.100553067211101;8.3;0.245242081260959;-0.405465108108164;-0.0557727200536812;0.715620036412004;-0.156717912491353
"323";"Prevey_2014c.csv";"Prevey_2014";"Boulder";"Boulder - E";5;"incr.P";3;"1095";3;4;40.41564792;0.55873802370566;420;-0.100553067211101;8.3;0.245242081260959;0.587786664902119;0.17402847345934;-0.27763173659828;-0.386519106004372
"324";"Prevey_2014c.csv";"Prevey_2014";"Boulder";"Boulder - F";6;"incr.P";3;"1095";3;4;40.41564792;0.55873802370566;420;-0.100553067211101;8.3;0.245242081260959;0.182321556793955;-0.835732921585486;0.127833371509885;0.623242289040452
"325";"Prevey_2014c.csv";"Prevey_2014";"Boulder";"Boulder - G";7;"incr.P";3;"1095";3;4;40.41564792;0.55873802370566;420;-0.100553067211101;8.3;0.245242081260959;0;-0.211105572056506;0.310154928303839;-0.00138506048853093
"326";"Prevey_2014c.csv";"Prevey_2014";"Boulder";"Boulder - H";8;"incr.P";3;"1095";3;4;40.41564792;0.55873802370566;420;-0.100553067211101;8.3;0.245242081260959;1.25276296849537;1.03943745454265;-0.942608040191529;-1.25192808708768
"327";"Prevey_2014c.csv";"Prevey_2014";"Boulder";"Boulder - I";9;"incr.P";3;"1095";3;4;40.41564792;0.55873802370566;420;-0.100553067211101;8.3;0.245242081260959;0;0.290551101365306;0.310154928303839;-0.503041733910336
"328";"Prevey_2014c.csv";"Prevey_2014";"Boulder";"Boulder - J";10;"incr.P";3;"1095";3;4;40.41564792;0.55873802370566;420;-0.100553067211101;8.3;0.245242081260959;0;0.492414710642358;0.31015492830384;-0.70490534318739
"329";"Prevey_2014d.csv";"Prevey_2014";"Boulder";"Boulder - A";1;"incr.P";4;"1095";3;4;3.325183374;0.0337002050716848;420;-0.100553067211101;8.3;0.245242081260959;1.25276296849537;0.694580721538496;-1.25276296849537;-0.722274943817734
"330";"Prevey_2014d.csv";"Prevey_2014";"Boulder";"Boulder - B";2;"incr.P";4;"1095";3;4;3.325183374;0.0337002050716848;420;-0.100553067211101;8.3;0.245242081260959;0;-0.284290322148211;0;0.256596099868975
"331";"Prevey_2014d.csv";"Prevey_2014";"Boulder";"Boulder - C";3;"incr.P";4;"1095";3;4;3.325183374;0.0337002050716848;420;-0.100553067211101;8.3;0.245242081260959;0.405465108108164;0.351833552929664;-0.405465108108164;-0.379527775208904
"332";"Prevey_2014d.csv";"Prevey_2014";"Boulder";"Boulder - D";4;"incr.P";4;"1095";3;4;3.325183374;0.0337002050716848;420;-0.100553067211101;8.3;0.245242081260959;-0.405465108108164;-0.416668124392419;0.405465108108164;0.388973902113176
"333";"Prevey_2014d.csv";"Prevey_2014";"Boulder";"Boulder - E";5;"incr.P";4;"1095";3;4;3.325183374;0.0337002050716848;420;-0.100553067211101;8.3;0.245242081260959;0.336472236621213;0.167437846788886;-0.336472236621213;-0.195132069068124
"334";"Prevey_2014d.csv";"Prevey_2014";"Boulder";"Boulder - F";6;"incr.P";4;"1095";3;4;3.325183374;0.0337002050716848;420;-0.100553067211101;8.3;0.245242081260959;-0.22314355131421;-0.205011965372746;0.22314355131421;0.177317743093509
"335";"Prevey_2014d.csv";"Prevey_2014";"Boulder";"Boulder - G";7;"incr.P";4;"1095";3;4;3.325183374;0.0337002050716848;420;-0.100553067211101;8.3;0.245242081260959;0.405465108108164;0.0594554595923716;-0.405465108108164;-0.0871496818716101
"336";"Prevey_2014d.csv";"Prevey_2014";"Boulder";"Boulder - H";8;"incr.P";4;"1095";3;4;3.325183374;0.0337002050716848;420;-0.100553067211101;8.3;0.245242081260959;0.405465108108164;0.165435286448679;-0.405465108108164;-0.193129508727914
"337";"Prevey_2014d.csv";"Prevey_2014";"Boulder";"Boulder - I";9;"incr.P";4;"1095";3;4;3.325183374;0.0337002050716848;420;-0.100553067211101;8.3;0.245242081260959;-0.405465108108164;-0.0513758672078503;0.405465108108164;0.0236816449286148
"338";"Prevey_2014d.csv";"Prevey_2014";"Boulder";"Boulder - J";10;"incr.P";4;"1095";3;4;3.325183374;0.0337002050716848;420;-0.100553067211101;8.3;0.245242081260959;0;0.156134182805277;0;-0.183828405084515
"339";"Wilcox_2015a.csv";"Wilcox_2015";"CPER";"CPER - A";1;"incr.P";1;"730";2;1;19.64912281;0.264775379187154;377;-0.159971579806231;5;0.0884035121950429;-0.287682072451781;0.29397304770656;0.287682072451781;-0.296532465695403
"340";"Wilcox_2015a.csv";"Wilcox_2015";"CPER";"CPER - A";1;"incr.P";2;"730";2;1;19.64912281;0.264775379187154;377;-0.159971579806231;5;0.0884035121950429;0.22314355131421;0.350349930481076;-0.22314355131421;-0.328983675687532
"341";"Wilcox_2015a.csv";"Wilcox_2015";"CPER";"CPER - B";2;"incr.P";1;"730";2;1;19.64912281;0.264775379187154;377;-0.159971579806231;5;0.0884035121950429;-0.470003629245735;-0.0286286997811804;0.470003629245735;0.0260692817923328
"342";"Wilcox_2015a.csv";"Wilcox_2015";"CPER";"CPER - B";2;"incr.P";2;"730";2;1;19.64912281;0.264775379187154;377;-0.159971579806231;5;0.0884035121950429;-0.133531392624523;0.451822724931612;0.133531392624523;-0.430456470138072
"343";"Wilcox_2015a.csv";"Wilcox_2015";"CPER";"CPER - C";3;"incr.P";2;"730";2;1;19.64912281;0.264775379187154;377;-0.159971579806231;5;0.0884035121950429;-0.559615787935423;-0.153760806556414;0.559615787935423;0.175127061349958
"344";"Wilcox_2015a.csv";"Wilcox_2015";"CPER";"CPER - C";3;"incr.P";1;"730";2;1;19.64912281;0.264775379187154;377;-0.159971579806231;5;0.0884035121950429;-0.336472236621213;0.302391970273552;0.336472236621213;-0.304951388262398
"345";"Wilcox_2015a.csv";"Wilcox_2015";"CPER";"CPER - D";4;"incr.P";2;"730";2;1;19.64912281;0.264775379187154;377;-0.159971579806231;5;0.0884035121950429;0.693147180559945;0.443501126077363;-0.693147180559945;-0.422134871283819
"346";"Wilcox_2015a.csv";"Wilcox_2015";"CPER";"CPER - D";4;"incr.P";1;"730";2;1;19.64912281;0.264775379187154;377;-0.159971579806231;5;0.0884035121950429;0.51082562376599;0.131082244788131;-0.510825623765991;-0.133641662776974
"347";"Wilcox_2015a.csv";"Wilcox_2015";"CPER";"CPER - E";5;"incr.P";1;"730";2;1;19.64912281;0.264775379187154;377;-0.159971579806231;5;0.0884035121950429;0.154150679827258;0.228784883674296;-0.154150679827258;-0.23134430166314
"348";"Wilcox_2015a.csv";"Wilcox_2015";"CPER";"CPER - E";5;"incr.P";2;"730";2;1;19.64912281;0.264775379187154;377;-0.159971579806231;5;0.0884035121950429;0;-0.0648814530689176;0;0.0862477078624631
"349";"Wilcox_2015a.csv";"Wilcox_2015";"CPER";"CPER - F";6;"incr.P";1;"730";2;1;19.64912281;0.264775379187154;377;-0.159971579806231;5;0.0884035121950429;0.51082562376599;-0.169626808651783;-0.510825623765991;0.167067390662934
"350";"Wilcox_2015a.csv";"Wilcox_2015";"CPER";"CPER - F";6;"incr.P";2;"730";2;1;19.64912281;0.264775379187154;377;-0.159971579806231;5;0.0884035121950429;0.847297860387203;-0.290025266045071;-0.847297860387204;0.311391520838613
"351";"Wilcox_2015a.csv";"Wilcox_2015";"CPER";"CPER - G";7;"incr.P";2;"730";2;1;19.64912281;0.264775379187154;377;-0.159971579806231;5;0.0884035121950429;0;-0.0906500430992597;0;0.112016297892804
"352";"Wilcox_2015a.csv";"Wilcox_2015";"CPER";"CPER - G";7;"incr.P";1;"730";2;1;19.64912281;0.264775379187154;377;-0.159971579806231;5;0.0884035121950429;0;-0.338786795154831;0;0.336227377165988
"353";"Wilcox_2015a.csv";"Wilcox_2015";"CPER";"CPER - H";8;"incr.P";2;"730";2;1;19.64912281;0.264775379187154;377;-0.159971579806231;5;0.0884035121950429;0;-0.0223785579481031;0;0.0437448127416445
"354";"Wilcox_2015a.csv";"Wilcox_2015";"CPER";"CPER - H";8;"incr.P";1;"730";2;1;19.64912281;0.264775379187154;377;-0.159971579806231;5;0.0884035121950429;-0.336472236621213;-0.406769888000495;0.336472236621213;0.404210470011645
"355";"Wilcox_2015a.csv";"Wilcox_2015";"CPER";"CPER - I";9;"incr.P";1;"730";2;1;19.64912281;0.264775379187154;377;-0.159971579806231;5;0.0884035121950429;0.916290731874155;-0.0877476477413767;-0.916290731874155;0.0851882297525294
"356";"Wilcox_2015a.csv";"Wilcox_2015";"CPER";"CPER - I";9;"incr.P";2;"730";2;1;19.64912281;0.264775379187154;377;-0.159971579806231;5;0.0884035121950429;0.693147180559945;-0.0144070103051467;-0.693147180559945;0.0357732650986918
"357";"Wilcox_2015a.csv";"Wilcox_2015";"CPER";"CPER - J";10;"incr.P";1;"730";2;1;19.64912281;0.264775379187154;377;-0.159971579806231;5;0.0884035121950429;0;-0.0306072744415838;0;0.0280478564527349
"358";"Wilcox_2015a.csv";"Wilcox_2015";"CPER";"CPER - J";10;"incr.P";2;"730";2;1;19.64912281;0.264775379187154;377;-0.159971579806231;5;0.0884035121950429;0.405465108108164;0.0676132135561645;-0.405465108108164;-0.0462469587626256
"359";"Wilcox_2015b.csv";"Wilcox_2015";"KPBS";"KPBS - A";1;"incr.P";1;"730";2;1;14.18562874;0.187436336828305;318;-0.241499306390247;7.2;0.192962558238987;0.367724780125317;0.14414604389547;-0.176669543362608;-0.228540580031932
"360";"Wilcox_2015b.csv";"Wilcox_2015";"KPBS";"KPBS - A";1;"incr.P";2;"730";2;1;14.18562874;0.187436336828305;318;-0.241499306390247;7.2;0.192962558238987;0.105360515657826;0.327029942344246;0.128254335523679;-0.41372378222381
"361";"Wilcox_2015b.csv";"Wilcox_2015";"KPBS";"KPBS - B";2;"incr.P";1;"730";2;1;14.18562874;0.187436336828305;318;-0.241499306390247;7.2;0.192962558238987;0.105360515657826;-0.0626994999193377;0.0856947211048827;-0.0216950362171195
"362";"Wilcox_2015b.csv";"Wilcox_2015";"KPBS";"KPBS - B";2;"incr.P";2;"730";2;1;14.18562874;0.187436336828305;318;-0.241499306390247;7.2;0.192962558238987;-0.117783035656384;-0.0996860114817907;0.351397886837889;0.0129921716022304
"363";"Wilcox_2015b.csv";"Wilcox_2015";"KPBS";"KPBS - C";3;"incr.P";2;"730";2;1;14.18562874;0.187436336828305;318;-0.241499306390247;7.2;0.192962558238987;-0.287682072451781;-0.561144613781685;0.521296923633286;0.474450773902119
"364";"Wilcox_2015b.csv";"Wilcox_2015";"KPBS";"KPBS - C";3;"incr.P";1;"730";2;1;14.18562874;0.187436336828305;318;-0.241499306390247;7.2;0.192962558238987;-0.182321556793954;-0.362745291917822;0.373376793556664;0.278350755781359
"365";"Wilcox_2015b.csv";"Wilcox_2015";"KPBS";"KPBS - D";4;"incr.P";2;"730";2;1;14.18562874;0.187436336828305;318;-0.241499306390247;7.2;0.192962558238987;0.262364264467491;1.0455444094405;-0.0287494132859858;-1.13223824932007
"366";"Wilcox_2015b.csv";"Wilcox_2015";"KPBS";"KPBS - D";4;"incr.P";1;"730";2;1;14.18562874;0.187436336828305;318;-0.241499306390247;7.2;0.192962558238987;0.262364264467491;0.171295586600086;-0.0713090277047818;-0.255690122736552
"367";"Wilcox_2015b.csv";"Wilcox_2015";"KPBS";"KPBS - E";5;"incr.P";1;"730";2;1;14.18562874;0.187436336828305;318;-0.241499306390247;7.2;0.192962558238987;0;-0.384721235215715;0.191055236762709;0.300326699079253
"368";"Wilcox_2015b.csv";"Wilcox_2015";"KPBS";"KPBS - E";5;"incr.P";2;"730";2;1;14.18562874;0.187436336828305;318;-0.241499306390247;7.2;0.192962558238987;0.356674943938733;0.150148791142619;-0.123060092757227;-0.236842631022184
"369";"Wilcox_2015b.csv";"Wilcox_2015";"KPBS";"KPBS - F";6;"incr.P";1;"730";2;1;14.18562874;0.187436336828305;318;-0.241499306390247;7.2;0.192962558238987;0;0.148602076688941;0.191055236762709;-0.232996612825403
"370";"Wilcox_2015b.csv";"Wilcox_2015";"KPBS";"KPBS - F";6;"incr.P";2;"730";2;1;14.18562874;0.187436336828305;318;-0.241499306390247;7.2;0.192962558238987;0;-0.0648083155734418;0.233614851181505;-0.0218855243061225
"371";"Wilcox_2015b.csv";"Wilcox_2015";"KPBS";"KPBS - G";7;"incr.P";2;"730";2;1;14.18562874;0.187436336828305;318;-0.241499306390247;7.2;0.192962558238987;0.200670695462151;0.443933280113041;0.0329441557193538;-0.530627119992603
"372";"Wilcox_2015b.csv";"Wilcox_2015";"KPBS";"KPBS - G";7;"incr.P";1;"730";2;1;14.18562874;0.187436336828305;318;-0.241499306390247;7.2;0.192962558238987;-0.251314428280906;0.252989161193366;0.442369665043615;-0.337383697329823
"373";"Wilcox_2015b.csv";"Wilcox_2015";"KPBS";"KPBS - H";8;"incr.P";2;"730";2;1;14.18562874;0.187436336828305;318;-0.241499306390247;7.2;0.192962558238987;-0.0953101798043248;0.330304951575772;0.32892503098583;-0.41699879145534
"374";"Wilcox_2015b.csv";"Wilcox_2015";"KPBS";"KPBS - H";8;"incr.P";1;"730";2;1;14.18562874;0.187436336828305;318;-0.241499306390247;7.2;0.192962558238987;-0.0953101798043248;-0.0520580472719374;0.286365416567034;-0.0323364888645273
"375";"Wilcox_2015b.csv";"Wilcox_2015";"KPBS";"KPBS - I";9;"incr.P";1;"730";2;1;14.18562874;0.187436336828305;318;-0.241499306390247;7.2;0.192962558238987;0.318453731118535;-0.126880616576796;-0.127398494355825;0.0424860804403333
"376";"Wilcox_2015b.csv";"Wilcox_2015";"KPBS";"KPBS - I";9;"incr.P";2;"730";2;1;14.18562874;0.187436336828305;318;-0.241499306390247;7.2;0.192962558238987;0.22314355131421;0.0685155886810697;0.0104712998672953;-0.155209428560631
"377";"Wilcox_2015b.csv";"Wilcox_2015";"KPBS";"KPBS - J";10;"incr.P";1;"730";2;1;14.18562874;0.187436336828305;318;-0.241499306390247;7.2;0.192962558238987;0.105360515657826;-0.383355221560357;0.0856947211048827;0.298960685423896
"378";"Wilcox_2015b.csv";"Wilcox_2015";"KPBS";"KPBS - J";10;"incr.P";2;"730";2;1;14.18562874;0.187436336828305;318;-0.241499306390247;7.2;0.192962558238987;0.105360515657826;-0.186042629137209;0.128254335523679;0.0993487892576448
"379";"Wilcox_2015c.csv";"Wilcox_2015";"FK";"FK - A";1;"incr.P";1;"730";2;1;20.07788162;0.270844717845431;828;0.463231889505481;12.5;0.44485480552667;0.200670695462151;0.0222315099157708;-0.243230309880947;-0.000212047145834005
"380";"Wilcox_2015c.csv";"Wilcox_2015";"FK";"FK - A";1;"incr.P";2;"730";2;1;20.07788162;0.270844717845431;828;0.463231889505481;12.5;0.44485480552667;0.367724780125317;0.347449912745766;-0.50125617274984;-0.264783169819085
"381";"Wilcox_2015c.csv";"Wilcox_2015";"FK";"FK - B";2;"incr.P";1;"730";2;1;20.07788162;0.270844717845431;828;0.463231889505481;12.5;0.44485480552667;0.167054084663166;0.0280141447230173;-0.209613699081962;-0.00599468195307901
"382";"Wilcox_2015c.csv";"Wilcox_2015";"FK";"FK - B";2;"incr.P";2;"730";2;1;20.07788162;0.270844717845431;828;0.463231889505481;12.5;0.44485480552667;0.167054084663166;0.0426688994601974;-0.300585477287689;0.0399978434664845
"383";"Wilcox_2015c.csv";"Wilcox_2015";"FK";"FK - C";3;"incr.P";2;"730";2;1;20.07788162;0.270844717845431;828;0.463231889505481;12.5;0.44485480552667;-0.0800427076735364;0.205381679581188;-0.0534886849509862;-0.122714936654508
"384";"Wilcox_2015c.csv";"Wilcox_2015";"FK";"FK - C";3;"incr.P";1;"730";2;1;20.07788162;0.270844717845431;828;0.463231889505481;12.5;0.44485480552667;-0.262364264467491;-0.0990069683764125;0.219804650048695;0.121026431146351
"385";"Wilcox_2015c.csv";"Wilcox_2015";"FK";"FK - D";4;"incr.P";2;"730";2;1;20.07788162;0.270844717845431;828;0.463231889505481;12.5;0.44485480552667;0.262364264467491;0.0216608630803863;-0.395895657092014;0.0610058798462928
"386";"Wilcox_2015c.csv";"Wilcox_2015";"FK";"FK - D";4;"incr.P";1;"730";2;1;20.07788162;0.270844717845431;828;0.463231889505481;12.5;0.44485480552667;0;-0.624830913643701;-0.042559614418796;0.646850376413637
"387";"Wilcox_2015c.csv";"Wilcox_2015";"FK";"FK - E";5;"incr.P";1;"730";2;1;20.07788162;0.270844717845431;828;0.463231889505481;12.5;0.44485480552667;0.8754687373539;-0.0914005829513539;-0.918028351772696;0.11342004572129
"388";"Wilcox_2015c.csv";"Wilcox_2015";"FK";"FK - E";5;"incr.P";2;"730";2;1;20.07788162;0.270844717845431;828;0.463231889505481;12.5;0.44485480552667;0.955511445027436;0.842200030761399;-1.08904283765196;-0.759533287834719
"389";"Wilcox_2015c.csv";"Wilcox_2015";"FK";"FK - F";6;"incr.P";1;"730";2;1;20.07788162;0.270844717845431;828;0.463231889505481;12.5;0.44485480552667;-0.22314355131421;0.103226008560783;0.180583936895414;-0.0812065457908447
"390";"Wilcox_2015c.csv";"Wilcox_2015";"FK";"FK - F";6;"incr.P";2;"730";2;1;20.07788162;0.270844717845431;828;0.463231889505481;12.5;0.44485480552667;0.182321556793954;0.130109798863636;-0.315852949418477;-0.0474430559369577
"391";"Wilcox_2015c.csv";"Wilcox_2015";"FK";"FK - G";7;"incr.P";2;"730";2;1;20.07788162;0.270844717845431;828;0.463231889505481;12.5;0.44485480552667;0.105360515657826;0.649668846592464;-0.238891908282349;-0.567002103665783
"392";"Wilcox_2015c.csv";"Wilcox_2015";"FK";"FK - G";7;"incr.P";1;"730";2;1;20.07788162;0.270844717845431;828;0.463231889505481;12.5;0.44485480552667;0.287682072451781;0.468497379495568;-0.330241686870577;-0.446477916725628
"393";"Wilcox_2015c.csv";"Wilcox_2015";"FK";"FK - H";8;"incr.P";2;"730";2;1;20.07788162;0.270844717845431;828;0.463231889505481;12.5;0.44485480552667;0.0870113769896297;0.267408748277557;-0.220542769614152;-0.184742005350877
"394";"Wilcox_2015c.csv";"Wilcox_2015";"FK";"FK - H";8;"incr.P";1;"730";2;1;20.07788162;0.270844717845431;828;0.463231889505481;12.5;0.44485480552667;0.0870113769896297;-0.153908019005245;-0.129570991408426;0.175927481775184
"395";"Wilcox_2015c.csv";"Wilcox_2015";"FK";"FK - I";9;"incr.P";1;"730";2;1;20.07788162;0.270844717845431;828;0.463231889505481;12.5;0.44485480552667;0.182321556793954;0.2054607508881;-0.22488117121275;-0.183441288118165
"396";"Wilcox_2015c.csv";"Wilcox_2015";"FK";"FK - I";9;"incr.P";2;"730";2;1;20.07788162;0.270844717845431;828;0.463231889505481;12.5;0.44485480552667;-0.105360515657826;0.331695572624468;-0.0281708769666962;-0.249028829697792
"397";"Wilcox_2015c.csv";"Wilcox_2015";"FK";"FK - J";10;"incr.P";1;"730";2;1;20.07788162;0.270844717845431;828;0.463231889505481;12.5;0.44485480552667;0;0.570989866447542;-0.042559614418796;-0.548970403677605
"398";"Wilcox_2015c.csv";"Wilcox_2015";"FK";"FK - J";10;"incr.P";2;"730";2;1;20.07788162;0.270844717845431;828;0.463231889505481;12.5;0.44485480552667;0;-0.0552938277519979;-0.133531392624523;0.137960570678679
"399";"Yang_2011.csv";"Yang_2011";"Duolun.County";"Duolun.County - A";1;"incr.P";1;"1460";4;1;31.33;0.430125216527769;390;-0.142007843440262;1.6;-0.0731877407819615;0.0870113769896297;-0.326977455806862;0.13613217432458;0.253370586682635
"400";"Yang_2011.csv";"Yang_2011";"Duolun.County";"Duolun.County - A";2;"incr.P";1;"1460";4;1;31.33;0.430125216527769;390;-0.142007843440262;1.6;-0.0731877407819615;0;-1.0325304631448;0.22314355131421;0.958923594020566
"401";"Yang_2011.csv";"Yang_2011";"Duolun.County";"Duolun.County - A";3;"incr.P";1;"1460";4;1;31.33;0.430125216527769;390;-0.142007843440262;1.6;-0.0731877407819615;0.262364264467491;0.257086307093048;-0.0392207131532814;-0.330693176217273
"402";"Yang_2011.csv";"Yang_2011";"Duolun.County";"Duolun.County - A";4;"incr.P";1;"1460";4;1;31.33;0.430125216527769;390;-0.142007843440262;1.6;-0.0731877407819615;0.22314355131421;0.261475144286475;0;-0.335082013410704
"403";"Yang_2011.csv";"Yang_2011";"Duolun.County";"Duolun.County - A";5;"incr.P";1;"1460";4;1;31.33;0.430125216527769;390;-0.142007843440262;1.6;-0.0731877407819615;0.405465108108164;0.829401111497113;-0.182321556793955;-0.903007980621341
"404";"Yang_2011.csv";"Yang_2011";"Duolun.County";"Duolun.County - A";6;"incr.P";1;"1460";4;1;31.33;0.430125216527769;390;-0.142007843440262;1.6;-0.0731877407819615;0.241162056816888;-0.638588384875563;-0.0180185055026783;0.564981515751335
